﻿FlagUrl,Sales Continent,Sales Country,Sales Region,SalesTerritoryAlternateKey,SalesTerritoryKey
,NA,NA,NA,0,11
https://www.countries-ofthe-world.com/flags-normal/flag-of-Australia.png,Pacific,Australia,Australia,9,9
https://www.countries-ofthe-world.com/flags-normal/flag-of-Canada.png,North America,Canada,Canada,6,6
https://www.countries-ofthe-world.com/flags-normal/flag-of-France.png,Europe,France,France,7,7
https://www.countries-ofthe-world.com/flags-normal/flag-of-Germany.png,Europe,Germany,Germany,8,8
https://www.countries-ofthe-world.com/flags-normal/flag-of-United-Kingdom.png,Europe,United Kingdom,United Kingdom,10,10
https://www.countries-ofthe-world.com/flags-normal/flag-of-United-States-of-America.png,North America,United States,Central,3,3
https://www.countries-ofthe-world.com/flags-normal/flag-of-United-States-of-America.png,North America,United States,Northeast,2,2
https://www.countries-ofthe-world.com/flags-normal/flag-of-United-States-of-America.png,North America,United States,Northwest,1,1
https://www.countries-ofthe-world.com/flags-normal/flag-of-United-States-of-America.png,North America,United States,Southeast,5,5
https://www.countries-ofthe-world.com/flags-normal/flag-of-United-States-of-America.png,North America,United States,Southwest,4,4
