﻿City,Country,Geography Key,Postal Code,State Province,StateProvinceCode
Abingdon,United Kingdom,227,OX14 4SE,England,ENG
Albany,United States,535,97321,Oregon,OR
Alexandria,Australia,1,2015,New South Wales,NSW
Alhambra,United States,292,91801,California,CA
Alpine,United States,293,91901,California,CA
Altamonte Springs,United States,401,32701,Florida,FL
Arlington,United States,571,76010,Texas,TX
Ascheim,Germany,136,86171,Hamburg,HH
Atlanta,United States,416,30308,Georgia,GA
Auburn,United States,294,95603,California,CA
Augsburg,Germany,116,86150,Bayern,BY
Augsburg,Germany,137,86171,Hamburg,HH
Augusta,United States,417,30901,Georgia,GA
Aujan Mournede,France,181,32300,Gers,32
Aurora,Canada,74,L4G 7N6,Ontario,ON
Austell,United States,418,30106,Georgia,GA
Austin,United States,572,78701,Texas,TX
Bad Soden,Germany,122,65800,Hessen,HE
Baldwin Park,United States,295,91706,California,CA
Ballard,United States,607,98107,Washington,WA
Baltimore,United States,458,21201,Maryland,MD
Barrie,Canada,75,L4N,Ontario,ON
Barstow,United States,296,92311,California,CA
Basingstoke Hants,United Kingdom,228,RG24 8PL,England,ENG
Baytown,United States,573,77520,Texas,TX
Beaverton,United States,536,97005,Oregon,OR
Bell Gardens,United States,297,90201,California,CA
Bellevue,United States,608,98004,Washington,WA
Bellflower,United States,298,90706,California,CA
Bellingham,United States,609,98225,Washington,WA
Bendigo,Australia,32,3550,Victoria,VIC
Berkeley,United States,299,94704,California,CA
Berks,United Kingdom,229,SL4 1RH,England,ENG
Berkshire,United Kingdom,230,RG11 5TP,England,ENG
Berlin,Germany,114,14197,Brandenburg,BB
Berlin,Germany,123,12171,Hessen,HE
Berlin,Germany,124,13441,Hessen,HE
Berlin,Germany,125,14111,Hessen,HE
Berlin,Germany,126,14129,Hessen,HE
Berlin,Germany,138,10210,Hamburg,HH
Berlin,Germany,139,10791,Hamburg,HH
Berlin,Germany,140,12311,Hamburg,HH
Berlin,Germany,141,14111,Hamburg,HH
Berlin,Germany,152,10501,Nordrhein-Westfalen,NW
Berlin,Germany,153,14197,Nordrhein-Westfalen,NW
Berlin,Germany,163,12171,Saarland,SL
Berlin,Germany,164,12311,Saarland,SL
Berlin,Germany,165,14197,Saarland,SL
Beverly Hills,United States,300,90210,California,CA
Billericay,United Kingdom,231,CM11,England,ENG
Billings,United States,491,59101,Montana,MT
Biloxi,United States,488,39530,Mississippi,MS
Birmingham,United Kingdom,232,B29 6SL,England,ENG
Birmingham,United States,280,35203,Alabama,AL
Bluffton,United States,557,29910,South Carolina,SC
Bobigny,France,220,93000,Seine Saint Denis,93
Bonn,Germany,142,53001,Hamburg,HH
Bonn,Germany,143,53131,Hamburg,HH
Bonn,Germany,154,53131,Nordrhein-Westfalen,NW
Bothell,United States,610,98011,Washington,WA
Bottrop,Germany,155,46236,Nordrhein-Westfalen,NW
Boulogne-Billancourt,France,214,92100,Hauts de Seine,92
Boulogne-sur-Mer,France,191,62200,Pas de Calais,62
Bountiful,United States,594,84010,Utah,UT
Bracknell,United Kingdom,233,RG12 8TB,England,ENG
Bradenton,United States,402,34205,Florida,FL
Braintree,United States,453,02184,Massachusetts,MA
Brampton,Canada,76,L6W 2T7,Ontario,ON
Branch,United States,475,55056,Minnesota,MN
Branson,United States,481,65616,Missouri,MO
Braunschweig,Germany,156,38001,Nordrhein-Westfalen,NW
Bremerton,United States,611,98312,Washington,WA
Brisbane,Australia,20,4000,Queensland,QLD
Brossard,Canada,100,J4Z 1C5,Quebec,QC
Brossard,Canada,101,J4Z 1R4,Quebec,QC
Burbank,United States,301,91502,California,CA
Burbank,United States,524,44214,Ohio,OH
Burien,United States,612,98168,Washington,WA
Burlingame,United States,302,94010,California,CA
Burnaby,Canada,43,V3J 6Z3,British Columbia,BC
Burnaby,Canada,44,V5A 3A6,British Columbia,BC
Burnaby,Canada,45,V5A 4X1,British Columbia,BC
Burnaby,Canada,46,V5G 4S4,British Columbia,BC
Burnaby,Canada,47,V5G 4W1,British Columbia,BC
Burnaby,Canada,48,V5H 3Z7,British Columbia,BC
Bury,United Kingdom,234,PE17,England,ENG
Byron,United States,419,31008,Georgia,GA
Calgary,Canada,41,T2P 2G8,Alberta,AB
Caloundra,Australia,21,4551,Queensland,QLD
Camarillo,United States,303,93010,California,CA
Cambridge,United Kingdom,235,CB4 4BZ,England,ENG
Campbellsville,United States,448,42718,Kentucky,KY
Canoga Park,United States,304,91303,California,CA
Carol Stream,United States,431,60188,Illinois,IL
Carrollton,United States,574,75006,Texas,TX
Carson,United States,305,90746,California,CA
Casper,United States,653,82601,Wyoming,WY
Cedar City,United States,595,84720,Utah,UT
Cedar Park,United States,575,78613,Texas,TX
Central Valley,United States,513,10917,New York,NY
Cergy,France,226,95000,Val d’Oise,95
Cerritos,United States,306,90703,California,CA
Chalk Riber,Canada,77,K0J 1J0,Ontario,ON
Chandler,United States,285,85225,Arizona,AZ
Chantilly,United States,602,20151,Virginia,VA
Charlotte,United States,494,28202,North Carolina,NC
Chatou,France,207,78400,Yveline,78
Cheektowaga,United States,514,14227,New York,NY
Chehalis,United States,613,98532,Washington,WA
Cheltenham,United Kingdom,236,GL50,England,ENG
Cheyenne,United States,654,82001,Wyoming,WY
Chicago,United States,432,60610,Illinois,IL
Chula Vista,United States,307,91910,California,CA
Cincinnati,United States,525,45202,Ohio,OH
Citrus Heights,United States,308,95610,California,CA
City Of Commerce,United States,309,90040,California,CA
Clackamas,United States,537,97015,Oregon,OR
Clackamas,United States,538,97015-6403,Oregon,OR
Clarkston,United States,420,30021,Georgia,GA
Clay,United States,515,13041,New York,NY
Clearwater,United States,403,33755,Florida,FL
Cliffside,Canada,49,V8Y 1L1,British Columbia,BC
Cloverdale,Australia,28,6105,South Australia,SA
Coffs Harbour,Australia,2,2450,New South Wales,NSW
College Station,United States,576,77840,Texas,TX
Colma,United States,310,94014,California,CA
Colombes,France,215,92700,Hauts de Seine,92
Colomiers,France,180,31770,Garonne (Haute),31
Columbus,United States,421,31901,Georgia,GA
Columbus,United States,526,43215,Ohio,OH
Concord,United States,311,94519,California,CA
Coronado,United States,312,92118,California,CA
Corpus Christi,United States,577,78404,Texas,TX
Corvallis,United States,539,97330,Oregon,OR
Courbevoie,France,216,92400,Hauts de Seine,92
Cranbourne,Australia,33,3977,Victoria,VIC
Croix,France,185,59170,Nord,59
Crossville,United States,562,38555,Tennessee,TN
Culver City,United States,313,90232,California,CA
Daleville,United States,441,47334,Indiana,IN
Dallas,United States,578,75201,Texas,TX
Daly City,United States,314,94015,California,CA
Darlinghurst,Australia,3,2010,New South Wales,NSW
Darmstadt,Germany,127,64283,Hessen,HE
De Witt,United States,516,13214,New York,NY
Decatur,United States,422,30030,Georgia,GA
Denby,United States,560,57716,South Dakota,SD
Denver,United States,386,80203,Colorado,CO
Destin,United States,404,32541,Florida,FL
Detroit,United States,460,48226,Michigan,MI
Dorval,Canada,102,H9P 1H1,Quebec,QC
Downey,United States,315,90241,California,CA
Drancy,France,221,93700,Seine Saint Denis,93
Dresden,Germany,128,01071,Hessen,HE
Duesseldorf,Germany,129,40434,Hessen,HE
Duesseldorf,Germany,130,40605,Hessen,HE
Duluth,United States,476,55802,Minnesota,MN
Dunkerque,France,186,59140,Nord,59
East Brisbane,Australia,22,4169,Queensland,QLD
East Haven,United States,393,06512,Connecticut,CT
Edina,United States,477,55436,Minnesota,MN
Edmonds,United States,614,98020,Washington,WA
Edmonton,Canada,42,T5,Alberta,AB
Eilenburg,Germany,115,04838,Brandenburg,BB
El Cajon,United States,316,92020,California,CA
El Segundo,United States,317,90245,California,CA
Elgin,United States,433,60120,Illinois,IL
Elk Grove,United States,318,95624,California,CA
Ellensburg,United States,615,98926,Washington,WA
Endicott,United States,517,13760,New York,NY
Englewood,United States,387,80110,Colorado,CO
Erlangen,Germany,117,91054,Bayern,BY
Escondido,United States,319,92025,California,CA
Esher-Molesey,United Kingdom,237,EM15,England,ENG
Essen,Germany,144,45001,Hamburg,HH
Etobicoke,Canada,78,M9W 3P3,Ontario,ON
Euclid,United States,527,44119,Ohio,OH
Eureka,United States,320,95501,California,CA
Everett,United States,616,98201,Washington,WA
Falls Church,United States,603,22046,Virginia,VA
Farmington,United States,394,06032,Connecticut,CT
Federal Way,United States,617,98003,Washington,WA
Ferguson,United States,482,63135,Missouri,MO
Fernley,United States,508,89408,Nevada,NV
Findon,Australia,29,5023,South Australia,SA
Florence,United States,281,35630,Alabama,AL
Florence,United States,449,41042,Kentucky,KY
Fontana,United States,321,92335,California,CA
Fort Wayne,United States,442,46807,Indiana,IN
Fort Worth,United States,579,76102,Texas,TX
Frankfurt,Germany,118,91480,Bayern,BY
Frankfurt,Germany,131,60323,Hessen,HE
Frankfurt am Main,Germany,145,60082,Hamburg,HH
Frankfurt am Main,Germany,146,60355,Hamburg,HH
Frankfurt am Main,Germany,166,60061,Saarland,SL
Frankfurt am Main,Germany,167,60075,Saarland,SL
Fremont,United States,322,94536,California,CA
Fullerton,United States,323,92831,California,CA
Gaffney,United States,558,29340,South Carolina,SC
Garland,United States,580,75040,Texas,TX
Gateshead,United Kingdom,238,GA10,England,ENG
Geelong,Australia,34,3220,Victoria,VIC
Gilbert,United States,286,85233,Arizona,AZ
Gilroy,United States,324,95020,California,CA
Glendale,United States,325,91203,California,CA
Gloucestershire,United Kingdom,239,GL7 1RY,England,ENG
Gold Coast,Australia,23,4217,Queensland,QLD
Goulburn,Australia,4,2580,New South Wales,NSW
Great Falls,United States,492,59401,Montana,MT
Greeley,United States,388,80631,Colorado,CO
Greensboro,United States,495,27412,North Carolina,NC
Grevenbroich,Germany,119,41485,Bayern,BY
Grossmont,United States,326,91941,California,CA
Gulfport,United States,489,39501,Mississippi,MS
Hamburg,Germany,132,22001,Hessen,HE
Hamburg,Germany,147,20354,Hamburg,HH
Hamden,United States,395,06518,Connecticut,CT
Haney,Canada,50,V2W 1W2,British Columbia,BC
Hanford,United States,327,93230,California,CA
Hannover,Germany,157,30601,Nordrhein-Westfalen,NW
Hawthorne,Australia,24,4171,Queensland,QLD
Hayward,United States,328,94541,California,CA
Heath,United States,528,43056,Ohio,OH
Hervey Bay,Australia,25,4655,Queensland,QLD
High Wycombe,United Kingdom,240,HP10 9QY,England,ENG
Hillsboro,United States,540,97123,Oregon,OR
Hillsboro,United States,581,76645,Texas,TX
Hixson,United States,563,37343,Tennessee,TN
Hobart,Australia,31,7001,Tasmania,TAS
Hof,Germany,120,95010,Bayern,BY
Holland,United States,461,49423,Michigan,MI
Holland,United States,529,43528,Ohio,OH
Hollywood,United States,405,33021,Florida,FL
Hooksett,United States,501,03106,New Hampshire,NH
Houston,United States,582,77003,Texas,TX
Howell,United States,462,48843,Michigan,MI
Hull,Canada,103,8Y,Quebec,QC
Humble,United States,583,77338,Texas,TX
Huntsville,United States,282,35801,Alabama,AL
Idaho Falls,United States,428,83402,Idaho,ID
Imperial Beach,United States,329,91932,California,CA
Indianapolis,United States,443,46204,Indiana,IN
Ingolstadt,Germany,121,85049,Bayern,BY
Irvine,United States,330,92614,California,CA
Irving,United States,584,75061,Texas,TX
Issaquah,United States,618,98027,Washington,WA
Ithaca,United States,518,14850,New York,NY
Jefferson City,United States,483,65101,Missouri,MO
Johnson Creek,United States,649,53038,Wisconsin,WI
Joliet,United States,434,60433,Illinois,IL
Kanata,Canada,79,K2L 1H5,Ontario,ON
Kannapolis,United States,496,28081,North Carolina,NC
Kansas City,United States,484,64106,Missouri,MO
Kassel,Germany,133,34117,Hessen,HE
Kelso,United States,619,98626,Washington,WA
Kendall,United States,406,33143,Florida,FL
Kenmore,United States,620,98028,Washington,WA
Kennewick,United States,621,99337,Washington,WA
Kent,United States,622,98031,Washington,WA
Kiel,Germany,168,24044,Saarland,SL
Killeen,United States,585,76541,Texas,TX
Kingsport,United States,564,37660,Tennessee,TN
Kingston,Canada,80,7L,Ontario,ON
Kirkby,United Kingdom,241,KB9,England,ENG
Kirkland,United States,623,98033,Washington,WA
Kittery,United States,459,03904,Maine,ME
Klamath Falls,United States,541,97601,Oregon,OR
La Grange,United States,423,30240,Georgia,GA
La Jolla,United States,331,92806,California,CA
La Marque,United States,586,77568,Texas,TX
La Mesa,United States,332,91941,California,CA
La Vergne,United States,565,37086,Tennessee,TN
Lacey,United States,624,98503,Washington,WA
Lake Elsinore,United States,333,92530,California,CA
Lake George,United States,519,12845,New York,NY
Lake Oswego,United States,542,97034,Oregon,OR
Lakeland,United States,407,33801,Florida,FL
Lakewood,United States,334,90712,California,CA
Lancaster,United Kingdom,242,LA1 1LN,England,ENG
Lane Cove,Australia,5,1597,New South Wales,NSW
Langford,Canada,51,V9,British Columbia,BC
Langley,Canada,52,V3A 4R2,British Columbia,BC
Laredo,United States,587,78040,Texas,TX
Las Cruces,United States,505,88001,New Mexico,NM
Las Vegas,United States,509,89106,Nevada,NV
Lavender Bay,Australia,6,2060,New South Wales,NSW
Lebanon,United States,543,97355,Oregon,OR
Leeds,United Kingdom,243,LE18,England,ENG
Leesburg,United States,604,20176,Virginia,VA
Leipzig,Germany,158,04139,Nordrhein-Westfalen,NW
Lemon Grove,United States,335,91945,California,CA
Les Ulis,France,211,91940,Essonne,91
Lewiston,United States,429,83501,Idaho,ID
Lieusaint,France,205,77127,Seine et Marne,77
Lille,France,187,59000,Nord,59
Lincoln Acres,United States,336,91950,California,CA
Liverpool,United Kingdom,268,L4 4HB,England,ENG
Logansport,United States,444,46947,Indiana,IN
London,United Kingdom,244,C2H 7AU,England,ENG
London,United Kingdom,245,E17 6JF,England,ENG
London,United Kingdom,246,EC1R 0DU,England,ENG
London,United Kingdom,247,SE1 8HL,England,ENG
London,United Kingdom,248,SW19 3RU,England,ENG
London,United Kingdom,249,SW1P 2NU,England,ENG
London,United Kingdom,250,SW6 SBY,England,ENG
London,United Kingdom,251,SW8 1XD,England,ENG
London,United Kingdom,252,SW8 4BG,England,ENG
London,United Kingdom,253,W10 6BL,England,ENG
London,United Kingdom,254,W1N 9FA,England,ENG
London,United Kingdom,255,W1V 5RN,England,ENG
London,United Kingdom,256,W1X3SE,England,ENG
London,United Kingdom,257,W1Y 3RA,England,ENG
Long Beach,United States,337,90802,California,CA
Longmont,United States,389,80501,Colorado,CO
Longview,United States,625,98632,Washington,WA
Los Angeles,United States,338,90012,California,CA
Loveland,United States,390,80537,Colorado,CO
Lynnwood,United States,626,98036,Washington,WA
Madison Heights,United States,463,48071,Michigan,MI
Maidenhead,United Kingdom,258,SL67RJ,England,ENG
Malabar,Australia,7,2036,New South Wales,NSW
Mansfield,United States,530,44903,Ohio,OH
Marietta,United States,424,30060,Georgia,GA
Markham,Canada,81,L3S 3K2,Ontario,ON
Marysville,United States,627,98270,Washington,WA
Maryville,United States,566,37801,Tennessee,TN
Matraville,Australia,8,2036,New South Wales,NSW
Mcdonough,United States,425,30253,Georgia,GA
Medford,United States,478,55049,Minnesota,MN
Medford,United States,544,97504,Oregon,OR
Melbourne,Australia,35,3000,Victoria,VIC
Melton,Australia,36,3337,Victoria,VIC
Melville,United States,520,11747,New York,NY
Memphis,United States,567,38103,Tennessee,TN
Mentor,United States,531,44060,Ohio,OH
Merritt Island,United States,408,32952,Florida,FL
Mesa,United States,287,85201,Arizona,AZ
Mesquite,United States,588,75149,Texas,TX
Metchosin,Canada,53,V9,British Columbia,BC
Metz,France,184,57000,Moselle,57
Mhlheim,Germany,149,63151,Hamburg,HH
Miami,United States,409,33127,Florida,FL
Michigan City,United States,445,46360,Indiana,IN
Midland,United States,464,48640,Michigan,MI
Milford,United States,396,06460,Connecticut,CT
Mill Valley,United States,339,94941,California,CA
Millington,United States,568,38054,Tennessee,TN
Milpitas,United States,340,95035,California,CA
Milsons Point,Australia,9,2061,New South Wales,NSW
Milton Keynes,United Kingdom,259,MK8 8DF,England,ENG
Milton Keynes,United Kingdom,260,MK8 8ZD,England,ENG
Milwaukee,United States,650,53202,Wisconsin,WI
Milwaukie,United States,545,97222,Oregon,OR
Minneapolis,United States,479,55402,Minnesota,MN
Mississauga,Canada,82,L4W 5J3,Ontario,ON
Mississauga,Canada,83,L5A 1H6,Ontario,ON
Mississauga,Canada,84,L5B 3V4,Ontario,ON
Missoula,United States,493,59801,Montana,MT
Mnchen,Germany,134,80074,Hessen,HE
Mnchen,Germany,150,80074,Hamburg,HH
Mnchen,Germany,159,80074,Nordrhein-Westfalen,NW
Mnchen,Germany,169,48001,Saarland,SL
Mnster,Germany,170,48001,Saarland,SL
Mobile,United States,283,36602,Alabama,AL
Modesto,United States,341,95354,California,CA
Moline,United States,435,61265,Illinois,IL
Monroe,United States,465,98272,Michigan,MI
Monroe,United States,628,98272,Washington,WA
Monrovia,United States,342,91016,California,CA
Montgomery,United States,284,36104,Alabama,AL
Montreal,Canada,104,H1Y 2H3,Quebec,QC
Montreal,Canada,105,H1Y 2H5,Quebec,QC
Montreal,Canada,106,H1Y 2H7,Quebec,QC
Montreal,Canada,107,H1Y 2H8,Quebec,QC
Morangis,France,212,91420,Essonne,91
Mosinee,United States,651,54455,Wisconsin,WI
Muehlheim,Germany,148,63151,Hamburg,HH
Myrtle Beach,United States,559,29577,South Carolina,SC
N. Vancouver,Canada,54,V7L 4J4,British Columbia,BC
Nashua,United States,502,03064,New Hampshire,NH
Nashville,United States,569,37203,Tennessee,TN
National City,United States,343,91950,California,CA
Nepean,Canada,85,K2J 2W5,Ontario,ON
Neunkirchen,Germany,171,66578,Saarland,SL
New Castle,United States,446,47362,Indiana,IN
New Hartford,United States,521,13413,New York,NY
New Haven,United States,397,06510,Connecticut,CT
New York,United States,522,10007,New York,NY
Newark,United States,344,94560,California,CA
Newcastle,Australia,10,2300,New South Wales,NSW
Newcastle upon Tyne,United Kingdom,261,NT20,England,ENG
Newport,United States,450,41071,Kentucky,KY
Newport Beach,United States,345,92625,California,CA
Newport Hills,United States,629,98006,Washington,WA
Newport News,United States,605,23607,Virginia,VA
Newton,Canada,55,V2L3W8,British Columbia,BC
Newton,Canada,56,V2M1N7,British Columbia,BC
Newton,Canada,57,V2M1P1,British Columbia,BC
Newton,Canada,58,V2M1S6,British Columbia,BC
Norridge,United States,436,60706,Illinois,IL
North Bend,United States,630,98045,Washington,WA
North Las Vegas,United States,510,89030,Nevada,NV
North Miami Beach,United States,410,33162,Florida,FL
North Randall,United States,532,44128,Ohio,OH
North Ryde,Australia,11,2113,New South Wales,NSW
North Sioux City,United States,561,57049,South Dakota,SD
North Sydney,Australia,12,2055,New South Wales,NSW
North York,Canada,86,M4C 4K6,Ontario,ON
Norwalk,United States,346,90650,California,CA
Norwood,United States,454,02062,Massachusetts,MA
Novato,United States,347,94947,California,CA
Novi,United States,466,48375,Michigan,MI
Oak Bay,Canada,59,V8P,British Columbia,BC
Oakland,United States,348,94611,California,CA
Oberlin,United States,533,44074,Ohio,OH
Odessa,United States,485,64076,Missouri,MO
Offenbach,Germany,172,63009,Saarland,SL
Ogden,United States,596,84401,Utah,UT
Olympia,United States,631,98501,Washington,WA
Ontario,United States,349,91764,California,CA
Orange,United States,350,92867,California,CA
Oregon City,United States,546,97045,Oregon,OR
Orlando,United States,411,32804,Florida,FL
Orleans,France,183,45000,Loiret,45
Orly,France,225,94310,Val de Marne,94
Ottawa,Canada,87,K4B 1S1,Ontario,ON
Ottawa,Canada,88,K4B 1S2,Ontario,ON
Ottawa,Canada,89,K4B 1S3,Ontario,ON
Ottawa,Canada,90,K4B 1T7,Ontario,ON
Outremont,Canada,108,H1Y 2G5,Quebec,QC
Oxford,United Kingdom,262,OX1,England,ENG
Oxford,United Kingdom,263,OX14 4SE,England,ENG
Oxnard,United States,351,93030,California,CA
Oxon,United Kingdom,264,OX16 8RS,England,ENG
Paderborn,Germany,151,33041,Hamburg,HH
Paderborn,Germany,160,33098,Nordrhein-Westfalen,NW
Palo Alto,United States,352,94303,California,CA
Pantin,France,222,93500,Seine Saint Denis,93
Paris,France,192,75002,Seine (Paris),75
Paris,France,193,75003,Seine (Paris),75
Paris,France,194,75005,Seine (Paris),75
Paris,France,195,75006,Seine (Paris),75
Paris,France,196,75007,Seine (Paris),75
Paris,France,197,75008,Seine (Paris),75
Paris,France,198,75009,Seine (Paris),75
Paris,France,199,75010,Seine (Paris),75
Paris,France,200,75012,Seine (Paris),75
Paris,France,201,75013,Seine (Paris),75
Paris,France,202,75016,Seine (Paris),75
Paris,France,203,75017,Seine (Paris),75
Paris,France,204,75019,Seine (Paris),75
Paris La Defense,France,217,92081,Hauts de Seine,92
Park City,United States,597,84098,Utah,UT
Parker,United States,391,80138,Colorado,CO
Peoria,United States,437,61606,Illinois,IL
Perth,Australia,30,6006,South Australia,SA
Peterborough,United Kingdom,265,PB12,England,ENG
Phoenix,United States,288,85004,Arizona,AZ
Pigeon Forge,United States,570,37863,Tennessee,TN
Plaistow,United States,503,03865,New Hampshire,NH
Plano,United States,589,75074,Texas,TX
Pleasanton,United States,353,94566,California,CA
Pnot-Rouge,Canada,109,J1E 2T7,Quebec,QC
Poing,Germany,173,66041,Saarland,SL
Pontiac,United States,467,48342,Michigan,MI
Port Hammond,Canada,60,V6B 3P7,British Columbia,BC
Port Huron,United States,468,48060,Michigan,MI
Port Macquarie,Australia,13,2444,New South Wales,NSW
Port Orchard,United States,632,98366,Washington,WA
Portland,United States,547,97205,Oregon,OR
Puyallup,United States,633,98371,Washington,WA
Quebec,Canada,110,G1R,Quebec,QC
Racine,United States,652,53182,Wisconsin,WI
Raleigh,United States,497,27603,North Carolina,NC
Randolph,United States,455,02368,Massachusetts,MA
Reading,United Kingdom,266,RG7 5H7,England,ENG
Redford,United States,469,48239,Michigan,MI
Redlands,United States,354,92373,California,CA
Redmond,United States,634,98052,Washington,WA
Redwood City,United States,355,94063,California,CA
Reno,United States,511,89502,Nevada,NV
Renton,United States,635,98055,Washington,WA
Rhodes,Australia,14,2138,New South Wales,NSW
Richmond,Canada,61,V6B 3P7,British Columbia,BC
Richmond Hill,Canada,91,L4E 3M5,Ontario,ON
Rio Rancho,United States,506,87124,New Mexico,NM
Riverton,United States,598,84065,Utah,UT
Rock Springs,United States,655,82901,Wyoming,WY
Rockhampton,Australia,26,4700,Queensland,QLD
Rocky Mount,United States,498,27803,North Carolina,NC
Roissy en Brie,France,206,77680,Seine et Marne,77
Roncq,France,188,59223,Nord,59
Roubaix,France,189,59100,Nord,59
Round Rock,United States,590,78664,Texas,TX
Royal Oak,Canada,62,V8X,British Columbia,BC
Runcorn,United Kingdom,267,TY31,England,ENG
Saarbrcken,Germany,174,66001,Saarland,SL
Saarlouis,Germany,175,66740,Saarland,SL
Sacramento,United States,356,95814,California,CA
Saginaw,United States,470,48601,Michigan,MI
Saint Ann,United States,486,63074,Missouri,MO
Saint Germain en Laye,France,208,78100,Yveline,78
Saint John,Canada,73,E2P 1E3,Brunswick,NB
Saint Louis,United States,487,63103,Missouri,MO
Saint Matthews,United States,451,40207,Kentucky,KY
Saint Ouen,France,179,17490,Charente-Maritime,17
Saint Ouen,France,182,41100,Loir et Cher,41
Saint Ouen,France,210,80610,Somme,80
Saint-Denis,France,223,93400,Seine Saint Denis,93
Sainte-Foy,Canada,111,G1W,Quebec,QC
Salem,United States,548,97301,Oregon,OR
Salt Lake City,United States,599,84101,Utah,UT
Salzgitter,Germany,135,38231,Hessen,HE
Sammamish,United States,636,98074,Washington,WA
San Antonio,United States,591,78204,Texas,TX
San Bruno,United States,357,94066,California,CA
San Carlos,United States,358,94070,California,CA
San Diego,United States,359,92102,California,CA
San Francisco,United States,360,94109,California,CA
San Gabriel,United States,361,91776,California,CA
San Jose,United States,362,95112,California,CA
San Mateo,United States,363,94404,California,CA
San Ramon,United States,364,94583,California,CA
San Ysidro,United States,365,92173,California,CA
Sand City,United States,366,93955,California,CA
Sandpoint,United States,430,83864,Idaho,ID
Sandy,United States,600,84070,Utah,UT
Santa Ana,United States,367,92701,California,CA
Santa Cruz,United States,368,95062,California,CA
Santa Fe,United States,507,87501,New Mexico,NM
Santa Monica,United States,369,90401,California,CA
Sarasota,United States,412,34236,Florida,FL
Saugus,United States,456,01906,Massachusetts,MA
Savannah,United States,426,31401,Georgia,GA
Scarborough,Canada,92,M1V 4M2,Ontario,ON
Scottsdale,United States,289,85257,Arizona,AZ
Seaford,Australia,37,3198,Victoria,VIC
Seattle,United States,637,98104,Washington,WA
Sedro Woolley,United States,638,98284,Washington,WA
Sequim,United States,639,98382,Washington,WA
Shawnee,Canada,63,V8Z 4N5,British Columbia,BC
Shawnee,Canada,64,V9B 2C3,British Columbia,BC
Shawnee,Canada,65,V9B 5T2,British Columbia,BC
Shelton,United States,640,98584,Washington,WA
Sherman Oaks,United States,370,91403,California,CA
Sillery,Canada,112,G1T,Quebec,QC
Silverwater,Australia,15,2264,New South Wales,NSW
Simi Valley,United States,371,93065,California,CA
Smithfield,United States,499,27577,North Carolina,NC
Solingen,Germany,161,42651,Nordrhein-Westfalen,NW
Somerset,United States,452,42501,Kentucky,KY
Sooke,Canada,66,V0,British Columbia,BC
South Bend,United States,447,46601,Indiana,IN
South Melbourne,Australia,38,3205,Victoria,VIC
Southfield,United States,471,48034,Michigan,MI
Southgate,United States,472,48195,Michigan,MI
Sparks,United States,512,89431,Nevada,NV
Spokane,United States,641,99202,Washington,WA
Spring Valley,United States,372,91977,California,CA
Springdale,United States,534,45246,Ohio,OH
Springfield,United States,549,97477,Oregon,OR
Springwood,Australia,16,2777,New South Wales,NSW
St. Leonards,Australia,17,2065,New South Wales,NSW
Stafford,United States,592,77477,Texas,TX
Stamford,United States,398,06901,Connecticut,CT
Stockton,United States,373,95202,California,CA
Stoke-on-Trent,United Kingdom,269,AS23,England,ENG
Stuttgart,Germany,176,70452,Saarland,SL
Stuttgart,Germany,177,70511,Saarland,SL
Sugar Land,United States,593,77478,Texas,TX
Sulzbach Taunus,Germany,178,66272,Saarland,SL
Sunbury,Australia,39,3429,Victoria,VIC
Sunrise,United States,413,33322,Florida,FL
Suresnes,France,219,92150,Hauts de Seine,92
Surprise,United States,290,85374,Arizona,AZ
Surrey,Canada,67,V3T 4W3,British Columbia,BC
Suwanee,United States,427,30024,Georgia,GA
Svres,France,218,92310,Hauts de Seine,92
Sydney,Australia,18,1002,New South Wales,NSW
Tacoma,United States,642,98403,Washington,WA
Tampa,United States,414,33602,Florida,FL
Tigard,United States,550,97223,Oregon,OR
Tilton,United States,504,03276,New Hampshire,NH
Tooele,United States,601,84074,Utah,UT
Toronto,Canada,93,M4B 1V4,Ontario,ON
Toronto,Canada,94,M4B 1V5,Ontario,ON
Toronto,Canada,95,M4B 1V6,Ontario,ON
Toronto,Canada,96,M4B 1V7,Ontario,ON
Torrance,United States,374,90505,California,CA
Townsville,Australia,27,4810,Queensland,QLD
Trabuco Canyon,United States,375,92679,California,CA
Tremblay-en-France,France,224,93290,Seine Saint Denis,93
Troutdale,United States,551,97060,Oregon,OR
Tucson,United States,291,85701,Arizona,AZ
Tupelo,United States,490,38804,Mississippi,MS
Tuscola,United States,438,61953,Illinois,IL
Union City,United States,376,94587,California,CA
Union Gap,United States,643,98903,Washington,WA
Upland,United States,377,91786,California,CA
Vacaville,United States,378,95688,California,CA
Valley Stream,United States,523,11580,New York,NY
Van Nuys,United States,379,91411,California,CA
Vancouver,Canada,68,V7L 4J4,British Columbia,BC
Vancouver,Canada,97,V5T 1Y9,Ontario,ON
Vero Beach,United States,415,32960,Florida,FL
Verrieres Le Buisson,France,213,91370,Essonne,91
Versailles,France,209,78000,Yveline,78
Victoria,Canada,69,V8V,British Columbia,BC
Ville De’anjou,Canada,113,J1G 2R3,Quebec,QC
Villeneuve-d’Ascq,France,190,59491,Nord,59
Virginia Beach,United States,606,23451,Virginia,VA
Visalia,United States,380,93291,California,CA
Vista,United States,381,92084,California,CA
W. Linn,United States,552,97068,Oregon,OR
W. York,United Kingdom,270,BD1 4SJ,England,ENG
Walla Walla,United States,644,99362,Washington,WA
Walnut Creek,United States,382,94596,California,CA
Warrington,United Kingdom,271,WA1,England,ENG
Warrington,United Kingdom,272,WA3 7BH,England,ENG
Warrnambool,Australia,40,3280,Victoria,VIC
Warwick,United States,554,02889,Rhode Island,RI
Washougal,United States,645,98671,Washington,WA
Waterbury,United States,399,06710,Connecticut,CT
Waterloo,Canada,98,N2V,Ontario,ON
Watford,United Kingdom,273,WA3,England,ENG
Wenatchee,United States,646,98801,Washington,WA
Werne,Germany,162,59368,Nordrhein-Westfalen,NW
West Chicago,United States,439,60185,Illinois,IL
West Covina,United States,383,91791,California,CA
West Kingston,United States,555,02892,Rhode Island,RI
West Sussex,United Kingdom,274,RH15 9UD,England,ENG
Westland,United States,473,48185,Michigan,MI
Westminster,Canada,70,V3L 1E7,British Columbia,BC
Westminster,Canada,71,V3L 1H4,British Columbia,BC
Westminster,United States,392,80030,Colorado,CO
Weston,Canada,99,M9V 4W3,Ontario,ON
Westport,United States,400,06880,Connecticut,CT
Whittier,United States,384,90605,California,CA
Winnipeg,Canada,72,R3,Manitoba,MB
Winston-Salem,United States,500,27104,North Carolina,NC
Wokingham,United Kingdom,275,RG41 1QW,England,ENG
Wollongong,Australia,19,2500,New South Wales,NSW
Wood Dale,United States,440,60191,Illinois,IL
Woodburn,United States,553,97071,Oregon,OR
Woodbury,United States,480,55125,Minnesota,MN
Woodinville,United States,647,98072,Washington,WA
Woodland Hills,United States,385,91364,California,CA
Woolston,United Kingdom,276,WA1 4SY,England,ENG
Woonsocket,United States,556,02895,Rhode Island,RI
Wrentham,United States,457,02093,Massachusetts,MA
Yakima,United States,648,98901,Washington,WA
York,United Kingdom,277,Y024 1GF,England,ENG
York,United Kingdom,278,Y03 4TN,England,ENG
York,United Kingdom,279,YO15,England,ENG
Zeeland,United States,474,49464,Michigan,MI
