﻿EmailAddress,EmployeeKey,First Name,Last Name,LoginID,Middle Name,SalesTerritoryKey,ParentEmployeeKey,Title
alan0@adventure-works.com,174,Alan,Brewer,adventure-works\alan0,J,11,46,Scheduling Assistant
alejandro0@adventure-works.com,33,Alejandro,McGuel,adventure-works\alejandro0,E,11,214,Production Technician - WC40
alex0@adventure-works.com,159,Alex,Nayberg,adventure-works\alex0,M,11,126,Production Technician - WC45
alice0@adventure-works.com,38,Alice,Ciccu,adventure-works\alice0,O,11,40,Production Technician - WC50
amy0@adventure-works.com,290,Amy,Alberts,adventure-works\amy0,E,11,277,European Sales Manager
andreas0@adventure-works.com,149,Andreas,Berglund,adventure-works\andreas0,T,11,43,Quality Assurance Technician
andrew0@adventure-works.com,189,Andrew,Hill,adventure-works\andrew0,R,11,23,Production Supervisor - WC10
andrew1@adventure-works.com,215,Andrew,Cencini,adventure-works\andrew1,M,11,126,Production Technician - WC45
andy0@adventure-works.com,146,Andy,Ruth,adventure-works\andy0,M,11,138,Production Technician - WC30
angela0@adventure-works.com,123,Angela,Barbariol,adventure-works\angela0,W,11,40,Production Technician - WC50
anibal0@adventure-works.com,193,Anibal,Sousa,adventure-works\anibal0,T,11,111,Production Technician - WC20
annette0@adventure-works.com,268,Annette,Hill,adventure-works\annette0,L,11,278,Purchasing Assistant
annik0@adventure-works.com,59,Annik,Stahl,adventure-works\annik0,O,11,18,Production Technician - WC60
arvind0@adventure-works.com,202,Arvind,Rao,adventure-works\arvind0,B,11,278,Buyer
ascott0@adventure-works.com,46,A. Scott,Wright,adventure-works\ascott0,,11,23,Master Scheduler
ashvini0@adventure-works.com,30,Ashvini,Sharma,adventure-works\ashvini0,R,11,154,Network Administrator
barbara0@adventure-works.com,128,Barbara,Decker,adventure-works\barbara0,S,11,186,Production Technician - WC20
barbara1@adventure-works.com,182,Barbara,Moreland,adventure-works\barbara1,C,11,142,Accountant
baris0@adventure-works.com,176,Baris,Cetinok,adventure-works\baris0,F,11,89,Production Technician - WC40
barry0@adventure-works.com,12,Barry,Johnson,adventure-works\barry0,K,11,189,Production Technician - WC10
belinda0@adventure-works.com,185,Belinda,Newman,adventure-works\belinda0,M,11,201,Production Technician - WC45
ben0@adventure-works.com,265,Ben,Miller,adventure-works\ben0,T,11,278,Buyer
benjamin0@adventure-works.com,137,Benjamin,Martin,adventure-works\benjamin0,R,11,188,Production Technician - WC30
betsy0@adventure-works.com,228,Betsy,Stadick,adventure-works\betsy0,A,11,66,Production Technician - WC10
bjorn0@adventure-works.com,100,Bjorn,Rettig,adventure-works\bjorn0,M,11,177,Production Technician - WC30
bob0@adventure-works.com,69,Bob,Hohman,adventure-works\bob0,N,11,16,Production Technician - WC50
bonnie0@adventure-works.com,234,Bonnie,Kearney,adventure-works\bonnie0,N,11,189,Production Technician - WC10
brandon0@adventure-works.com,161,Brandon,Heidepriem,adventure-works\brandon0,G,11,18,Production Technician - WC60
brenda0@adventure-works.com,214,Brenda,Diaz,adventure-works\brenda0,M,11,23,Production Supervisor - WC40
brian0@adventure-works.com,141,Brian,Lloyd,adventure-works\brian0,T,11,214,Production Technician - WC40
brian1@adventure-works.com,210,Brian,LaMee,adventure-works\brian1,P,11,46,Scheduling Assistant
brian2@adventure-works.com,226,Brian,Goldstein,adventure-works\brian2,Richard,11,53,Production Technician - WC40
brian3@adventure-works.com,277,Brian,Welcker,adventure-works\brian3,S,11,112,Vice President of Sales
britta0@adventure-works.com,140,Britta,Simon,adventure-works\britta0,L,11,18,Production Technician - WC60
bryan0@adventure-works.com,125,Bryan,Baker,adventure-works\bryan0,,11,9,Production Technician - WC60
bryan1@adventure-works.com,133,Bryan,Walton,adventure-works\bryan1,A,11,142,Accounts Receivable Specialist
candy0@adventure-works.com,96,Candy,Spoon,adventure-works\candy0,L,11,142,Accounts Receivable Specialist
carol0@adventure-works.com,171,Carol,Philips,adventure-works\carol0,M,11,177,Production Technician - WC30
carole0@adventure-works.com,63,Carole,Poland,adventure-works\carole0,M,11,177,Production Technician - WC30
chad0@adventure-works.com,183,Chad,Niswonger,adventure-works\chad0,W,11,40,Production Technician - WC50
charles0@adventure-works.com,223,Charles,Fitzgerald,adventure-works\charles0,B,11,20,Production Technician - WC60
chris0@adventure-works.com,129,Chris,Preston,adventure-works\chris0,T,11,126,Production Technician - WC45
chris1@adventure-works.com,216,Chris,Norred,adventure-works\chris1,K,11,92,Control Specialist
chris2@adventure-works.com,217,Chris,Okelberry,adventure-works\chris2,O,11,18,Production Technician - WC60
christian0@adventure-works.com,51,Christian,Kleinerman,adventure-works\christian0,E,11,222,Maintenance Supervisor
christopher0@adventure-works.com,252,Christopher,Hill,adventure-works\christopher0,E,11,27,Production Technician - WC10
cristian0@adventure-works.com,66,Cristian,Petculescu,adventure-works\cristian0,K,11,23,Production Supervisor - WC10
cynthia0@adventure-works.com,138,Cynthia,Randall,adventure-works\cynthia0,S,11,23,Production Supervisor - WC30
dan0@adventure-works.com,105,Dan,Bacon,adventure-works\dan0,K,11,44,Application Specialist
dan1@adventure-works.com,131,Dan,Wilson,adventure-works\dan1,B,11,44,Database Administrator
danielle0@adventure-works.com,256,Danielle,Tiedt,adventure-works\danielle0,C,11,66,Production Technician - WC10
david0@adventure-works.com,7,David,Bradley,adventure-works\david0,M,11,112,Marketing Manager
david0@adventure-works.com,8,David,Bradley,adventure-works\david0,M,11,112,Marketing Manager
david1@adventure-works.com,26,David,Johnson,adventure-works\david1,N,11,188,Production Technician - WC30
david2@adventure-works.com,55,David,Ortiz,adventure-works\david2,J,11,20,Production Technician - WC60
david3@adventure-works.com,88,David,Yalovsky,adventure-works\david3,A,11,188,Production Technician - WC30
david4@adventure-works.com,89,David,Hamilton,adventure-works\david4,P,11,23,Production Supervisor - WC40
david5@adventure-works.com,106,David,Barber,adventure-works\david5,M,11,143,Assistant to the Chief Financial Officer
david6@adventure-works.com,142,David,Liu,adventure-works\david6,J,11,143,Accounts Manager
david7@adventure-works.com,175,David,Lawrence,adventure-works\david7,Oliver,11,188,Production Technician - WC30
david8@adventure-works.com,289,David,Campbell,adventure-works\david8,R,1,272,Sales Representative
deborah0@adventure-works.com,61,Deborah,Poe,adventure-works\deborah0,E,11,142,Accounts Receivable Specialist
denise0@adventure-works.com,157,Denise,Smith,adventure-works\denise0,H,11,16,Production Technician - WC50
diane0@adventure-works.com,21,Diane,Glimp,adventure-works\diane0,R,11,189,Production Technician - WC10
diane1@adventure-works.com,81,Diane,Margheim,adventure-works\diane1,L,11,162,Research and Development Engineer
diane2@adventure-works.com,121,Diane,Tibbott,adventure-works\diane2,H,11,16,Production Technician - WC50
don0@adventure-works.com,173,Don,Hall,adventure-works\don0,L,11,40,Production Technician - WC50
doris0@adventure-works.com,19,Doris,Hartwig,adventure-works\doris0,M,11,189,Production Technician - WC10
douglas0@adventure-works.com,77,Douglas,Hite,adventure-works\douglas0,B,11,163,Production Technician - WC45
dragan0@adventure-works.com,170,Dragan,Tomic,adventure-works\dragan0,K,11,142,Accounts Payable Specialist
dylan0@adventure-works.com,162,Dylan,Miller,adventure-works\dylan0,A,11,3,Research and Development Manager
ebru0@adventure-works.com,224,Ebru,Ersan,adventure-works\ebru0,N,11,27,Production Technician - WC10
ed0@adventure-works.com,251,Ed,Dudenhoefer,adventure-works\ed0,R,11,18,Production Technician - WC60
elizabeth0@adventure-works.com,206,Elizabeth,Keyser,adventure-works\elizabeth0,I,11,76,Production Technician - WC50
eric0@adventure-works.com,111,Eric,Gubbels,adventure-works\eric0,,11,23,Production Supervisor - WC20
eric1@adventure-works.com,244,Eric,Brown,adventure-works\eric1,L,11,53,Production Technician - WC40
eric2@adventure-works.com,245,Eric,Kurjan,adventure-works\eric2,S,11,278,Buyer
erin0@adventure-works.com,248,Erin,Hagens,adventure-works\erin0,M,11,278,Buyer
eugene0@adventure-works.com,127,Eugene,Zabokritski,adventure-works\eugene0,R,11,188,Production Technician - WC30
eugene1@adventure-works.com,160,Eugene,Kogan,adventure-works\eugene1,O,11,9,Production Technician - WC60
fadi0@adventure-works.com,94,Fadi,Fakhouri,adventure-works\fadi0,K,11,147,Production Technician - WC20
françois0@adventure-works.com,120,François,Ajenstat,adventure-works\françois0,P,11,44,Database Administrator
frank0@adventure-works.com,119,Frank,Lee,adventure-works\frank0,T,11,214,Production Technician - WC40
frank1@adventure-works.com,191,Frank,Miller,adventure-works\frank1,T,11,16,Production Technician - WC50
frank2@adventure-works.com,242,Frank,Pellow,adventure-works\frank2,S,11,278,Buyer
frank3@adventure-works.com,250,Frank,Martinez,adventure-works\frank3,R,11,53,Production Technician - WC40
fred0@adventure-works.com,47,Fred,Northup,adventure-works\fred0,T,11,214,Production Technician - WC40
fukiko0@adventure-works.com,235,Fukiko,Ogisu,adventure-works\fukiko0,J,11,278,Buyer
gabe0@adventure-works.com,219,Gabe,Mares,adventure-works\gabe0,B,11,214,Production Technician - WC40
gail0@adventure-works.com,11,Gail,Erickson,adventure-works\gail0,A,11,3,Design Engineer
garrett0@adventure-works.com,34,Garrett,Young,adventure-works\garrett0,R,11,188,Production Technician - WC30
garrett1@adventure-works.com,284,Garrett,Vargas,adventure-works\garrett1,R,6,272,Sales Representative
gary0@adventure-works.com,65,Gary,Yukish,adventure-works\gary0,W,11,89,Production Technician - WC40
gary1@adventure-works.com,222,Gary,Altman,adventure-works\gary1,E.,11,152,Facilities Manager
george0@adventure-works.com,64,George,Li,adventure-works\george0,Z,11,188,Production Technician - WC30
gigi0@adventure-works.com,117,Gigi,Matthew,adventure-works\gigi0,N,11,162,Research and Development Engineer
gordon0@adventure-works.com,237,Gordon,Hee,adventure-works\gordon0,L,11,278,Buyer
grant0@adventure-works.com,195,Grant,Culbertson,adventure-works\grant0,N,11,32,Human Resources Administrative Assistant
greg0@adventure-works.com,25,Greg,Alderson,adventure-works\greg0,F,11,201,Production Technician - WC45
guy1@adventure-works.com,1,Guy,Gilbert,adventure-works\guy1,R,11,18,Production Technician - WC60
hanying0@adventure-works.com,57,Hanying,Feng,adventure-works\hanying0,P,11,147,Production Technician - WC20
hao0@adventure-works.com,158,Hao,Chen,adventure-works\hao0,O,11,32,Human Resources Administrative Assistant
hazem0@adventure-works.com,204,Hazem,Abolrous,adventure-works\hazem0,E,11,23,Quality Assurance Manager
houman0@adventure-works.com,134,Houman,Pournasseh,adventure-works\houman0,N,11,76,Production Technician - WC50
hung-fu0@adventure-works.com,236,Hung-Fu,Ting,adventure-works\hung-fu0,T,11,111,Production Technician - WC20
ivo0@adventure-works.com,28,Ivo,Salmre,adventure-works\ivo0,William,11,111,Production Technician - WC20
jack0@adventure-works.com,188,Jack,Richins,adventure-works\jack0,S,11,23,Production Supervisor - WC30
jack1@adventure-works.com,261,Jack,Creasey,adventure-works\jack1,T,11,53,Production Technician - WC40
jae0@adventure-works.com,291,Jae,Pak,adventure-works\jae0,B,10,290,Sales Representative
james0@adventure-works.com,78,James,Kramer,adventure-works\james0,D,11,9,Production Technician - WC60
james1@adventure-works.com,152,James,Hamilton,adventure-works\james1,R,11,112,Vice President of Production
jan0@adventure-works.com,213,Jan,Miksovsky,adventure-works\jan0,S,11,188,Production Technician - WC30
janaina0@adventure-works.com,68,Janaina,Bueno,adventure-works\janaina0,Barreiro Gambaro,11,44,Application Specialist
janet0@adventure-works.com,205,Janet,Sheperdigian,adventure-works\janet0,L,11,142,Accounts Payable Specialist
janeth0@adventure-works.com,115,Janeth,Esteves,adventure-works\janeth0,M,11,163,Production Technician - WC45
janice0@adventure-works.com,269,Janice,Galvin,adventure-works\janice0,M,11,267,Tool Designer
jason0@adventure-works.com,113,Jason,Watters,adventure-works\jason0,M,11,138,Production Technician - WC30
jay0@adventure-works.com,212,Jay,Adams,adventure-works\jay0,G,11,20,Production Technician - WC60
jean0@adventure-works.com,44,Jean,Trenary,adventure-works\jean0,E,11,112,Information Services Manager
jeff0@adventure-works.com,126,Jeff,Hay,adventure-works\jeff0,V,11,23,Production Supervisor - WC45
jeffrey0@adventure-works.com,17,Jeffrey,Ford,adventure-works\jeffrey0,L,11,189,Production Technician - WC10
jianshuo0@adventure-works.com,35,Jian Shuo,Wang,adventure-works\jianshuo0,,11,138,Production Technician - WC30
jill0@adventure-works.com,122,Jill,Williams,adventure-works\jill0,A,11,7,Marketing Specialist
jillian0@adventure-works.com,283,Jillian,Carson,adventure-works\jillian0,,3,272,Sales Representative
jim0@adventure-works.com,62,Jim,Scardelis,adventure-works\jim0,H,11,76,Production Technician - WC50
jimmy0@adventure-works.com,199,Jimmy,Bischoff,adventure-works\jimmy0,T,11,87,Stocker
jinghao0@adventure-works.com,40,Jinghao,Liu,adventure-works\jinghao0,K,11,23,Production Supervisor - WC50
jo0@adventure-works.com,18,Jo,Brown,adventure-works\jo0,A,11,23,Production Supervisor - WC60
jo1@adventure-works.com,264,Jo,Berry,adventure-works\jo1,L,11,51,Janitor
john0@adventure-works.com,20,John,Campbell,adventure-works\john0,T,11,23,Production Supervisor - WC60
john1@adventure-works.com,85,John,Evans,adventure-works\john1,P,11,40,Production Technician - WC50
john2@adventure-works.com,164,John,Chen,adventure-works\john2,Y,11,186,Production Technician - WC20
john3@adventure-works.com,208,John,Frum,adventure-works\john3,N,11,188,Production Technician - WC30
john4@adventure-works.com,260,John,Kane,adventure-works\john4,T,11,27,Production Technician - WC10
john5@adventure-works.com,275,John,Wood,adventure-works\john5,L,11,7,Marketing Specialist
jolynn0@adventure-works.com,9,JoLynn,Dobney,adventure-works\jolynn0,M,11,23,Production Supervisor - WC60
jose0@adventure-works.com,166,Jose,Lugo,adventure-works\jose0,R,11,18,Production Technician - WC60
josé1@adventure-works.com,288,José,Saraiva,adventure-works\josé1,Edvaldo,6,272,Sales Representative
jossef0@adventure-works.com,13,Jossef,Goldberg,adventure-works\jossef0,H,11,3,Design Engineer
jun0@adventure-works.com,50,Jun,Cao,adventure-works\jun0,T,11,40,Production Technician - WC50
karan0@adventure-works.com,230,Karan,Khanna,adventure-works\karan0,R,11,20,Production Technician - WC60
karen0@adventure-works.com,165,Karen,Berge,adventure-works\karen0,R,11,92,Document Control Assistant
karen1@adventure-works.com,180,Karen,Berg,adventure-works\karen1,A,11,44,Application Specialist
kathie0@adventure-works.com,139,Kathie,Flood,adventure-works\kathie0,E,11,201,Production Technician - WC45
katie0@adventure-works.com,186,Katie,McAskill-White,adventure-works\katie0,L,11,23,Production Supervisor - WC20
ken0@adventure-works.com,112,Ken,Sánchez,adventure-works\ken0,J,11,,Chief Executive Officer
ken1@adventure-works.com,194,Ken,Myer,adventure-works\ken1,L,11,214,Production Technician - WC40
kendall0@adventure-works.com,31,Kendall,Keil,adventure-works\kendall0,C,11,16,Production Technician - WC50
kevin0@adventure-works.com,2,Kevin,Brown,adventure-works\kevin0,F,11,7,Marketing Assistant
kevin1@adventure-works.com,58,Kevin,Liu,adventure-works\kevin1,H,11,214,Production Technician - WC40
kevin2@adventure-works.com,232,Kevin,Homer,adventure-works\kevin2,M,11,27,Production Technician - WC10
kim0@adventure-works.com,74,Kim,Ralls,adventure-works\kim0,T,11,87,Stocker
kim1@adventure-works.com,239,Kim,Abercrombie,adventure-works\kim1,B,11,18,Production Technician - WC60
kimberly0@adventure-works.com,238,Kimberly,Zimmerman,adventure-works\kimberly0,B,11,66,Production Technician - WC10
kirk0@adventure-works.com,54,Kirk,Koenigsbauer,adventure-works\kirk0,J,11,126,Production Technician - WC45
kitti0@adventure-works.com,211,Kitti,Lertpiriyasuwat,adventure-works\kitti0,H,11,40,Production Technician - WC50
kok-ho0@adventure-works.com,76,Kok-Ho,Loh,adventure-works\kok-ho0,T,11,23,Production Supervisor - WC50
krishna0@adventure-works.com,254,Krishna,Sunkammurali,adventure-works\krishna0,,11,111,Production Technician - WC20
lane0@adventure-works.com,103,Lane,Sacksteder,adventure-works\lane0,M,11,147,Production Technician - WC20
laura0@adventure-works.com,90,Laura,Steele,adventure-works\laura0,C,11,126,Production Technician - WC45
laura1@adventure-works.com,143,Laura,Norman,adventure-works\laura1,F,11,112,Chief Financial Officer
laura1@adventure-works.com,144,Laura,Norman,adventure-works\laura1,F,11,112,Chief Financial Officer
linda0@adventure-works.com,71,Linda,Moschell,adventure-works\linda0,K,11,40,Production Technician - WC50
linda1@adventure-works.com,151,Linda,Randall,adventure-works\linda1,A,11,147,Production Technician - WC20
linda2@adventure-works.com,227,Linda,Meisner,adventure-works\linda2,P,11,278,Buyer
linda3@adventure-works.com,282,Linda,Mitchell,adventure-works\linda3,C,4,272,Sales Representative
lionel0@adventure-works.com,197,Lionel,Penuchot,adventure-works\lionel0,C,11,163,Production Technician - WC45
lolan0@adventure-works.com,107,Lolan,Song,adventure-works\lolan0,B,11,76,Production Technician - WC50
lori0@adventure-works.com,201,Lori,Kane,adventure-works\lori0,A,11,23,Production Supervisor - WC45
lori1@adventure-works.com,255,Lori,Penor,adventure-works\lori1,K,11,51,Janitor
lorraine0@adventure-works.com,93,Lorraine,Nay,adventure-works\lorraine0,O,11,214,Production Technician - WC40
lynn0@adventure-works.com,296,Lynn,Tsoflias,adventure-works\lynn0,N,9,294,Sales Representative
maciej0@adventure-works.com,247,Maciej,Dusza,adventure-works\maciej0,W,11,20,Production Technician - WC60
magnus0@adventure-works.com,229,Magnus,Hedlund,adventure-works\magnus0,E,11,222,Facilities Administrative Assistant
mandar0@adventure-works.com,167,Mandar,Samant,adventure-works\mandar0,H,11,76,Production Technician - WC50
marc0@adventure-works.com,116,Marc,Ingle,adventure-works\marc0,J,11,188,Production Technician - WC30
margie0@adventure-works.com,91,Margie,Shoop,adventure-works\margie0,W,11,18,Production Technician - WC60
mark0@adventure-works.com,114,Mark,Harrington,adventure-works\mark0,L,11,43,Quality Assurance Technician
mark1@adventure-works.com,132,Mark,McArthur,adventure-works\mark1,K,11,18,Production Technician - WC60
mary0@adventure-works.com,109,Mary,Gibson,adventure-works\mary0,E,11,7,Marketing Specialist
mary1@adventure-works.com,231,Mary,Baker,adventure-works\mary1,R,11,27,Production Technician - WC10
mary2@adventure-works.com,276,Mary,Dempsey,adventure-works\mary2,A,11,7,Marketing Assistant
matthias0@adventure-works.com,124,Matthias,Berndt,adventure-works\matthias0,T,11,87,Shipping and Receiving Clerk
merav0@adventure-works.com,209,Merav,Netz,adventure-works\merav0,A,11,177,Production Technician - WC30
michael0@adventure-works.com,41,Michael,Hines,adventure-works\michael0,T,11,186,Production Technician - WC20
michael1@adventure-works.com,102,Michael,Rothkugel,adventure-works\michael1,L,11,89,Production Technician - WC40
michael2@adventure-works.com,145,Michael,Patten,adventure-works\michael2,W,11,40,Production Technician - WC50
michael3@adventure-works.com,177,Michael,Ray,adventure-works\michael3,Sean,11,23,Production Supervisor - WC30
michael4@adventure-works.com,196,Michael,Entin,adventure-works\michael4,T,11,40,Production Technician - WC50
michael5@adventure-works.com,200,Michael,Vanderhyde,adventure-works\michael5,T,11,138,Production Technician - WC30
michael6@adventure-works.com,221,Michael,Raheem,adventure-works\michael6,,11,162,Research and Development Manager
michael7@adventure-works.com,258,Michael,Zwilling,adventure-works\michael7,J,11,20,Production Technician - WC60
michael8@adventure-works.com,271,Michael,Sullivan,adventure-works\michael8,I,11,3,Senior Design Engineer
michael9@adventure-works.com,281,Michael,Blythe,adventure-works\michael9,G,2,272,Sales Representative
michiko0@adventure-works.com,136,Michiko,Osada,adventure-works\michiko0,F,11,177,Production Technician - WC30
mihail0@adventure-works.com,233,Mihail,Frintu,adventure-works\mihail0,U,11,53,Production Technician - WC40
mikael0@adventure-works.com,168,Mikael,Sandberg,adventure-works\mikael0,Q,11,278,Buyer
mike0@adventure-works.com,220,Mike,Seamans,adventure-works\mike0,K,11,142,Accountant
min0@adventure-works.com,243,Min,Su,adventure-works\min0,G,11,111,Production Technician - WC20
mindaugas0@adventure-works.com,110,Mindaugas,Krapauskas,adventure-works\mindaugas0,J,11,40,Production Technician - WC50
mindy0@adventure-works.com,72,Mindy,Martin,adventure-works\mindy0,C,11,32,Benefits Specialist
nancy0@adventure-works.com,86,Nancy,Anderson,adventure-works\nancy0,A,11,9,Production Technician - WC60
nicole0@adventure-works.com,190,Nicole,Holliday,adventure-works\nicole0,B,11,89,Production Technician - WC40
nitin0@adventure-works.com,80,Nitin,Mirchandani,adventure-works\nitin0,S,11,186,Production Technician - WC20
nuan0@adventure-works.com,97,Nuan,Yu,adventure-works\nuan0,,11,76,Production Technician - WC50
olinda0@adventure-works.com,262,Olinda,Turner,adventure-works\olinda0,C,11,111,Production Technician - WC20
ovidiu0@adventure-works.com,267,Ovidiu,Cracium,adventure-works\ovidiu0,V,11,3,Senior Tool Designer
pamela0@adventure-works.com,286,Pamela,Ansman-Wolfe,adventure-works\pamela0,O,1,272,Sales Representative
pat0@adventure-works.com,246,Pat,Coleman,adventure-works\pat0,H,11,51,Janitor
patrick0@adventure-works.com,249,Patrick,Wedge,adventure-works\patrick0,C,11,66,Production Technician - WC10
patrick1@adventure-works.com,253,Patrick,Cook,adventure-works\patrick1,M,11,53,Production Technician - WC40
paul0@adventure-works.com,29,Paul,Komosinski,adventure-works\paul0,B,11,89,Production Technician - WC40
paul1@adventure-works.com,118,Paul,Singh,adventure-works\paul1,R,11,111,Production Technician - WC20
paula0@adventure-works.com,32,Paula,Barreto de Mattos,adventure-works\paula0,M,11,143,Human Resources Manager
paula1@adventure-works.com,108,Paula,Nartker,adventure-works\paula1,R,11,214,Production Technician - WC40
peng0@adventure-works.com,43,Peng,Wu,adventure-works\peng0,J,11,204,Quality Assurance Supervisor
pete0@adventure-works.com,104,Pete,Male,adventure-works\pete0,C,11,16,Production Technician - WC50
peter0@adventure-works.com,23,Peter,Krebs,adventure-works\peter0,J,11,112,Production Control Manager
peter1@adventure-works.com,192,Peter,Connelly,adventure-works\peter1,I,11,154,Network Administrator
pilar0@adventure-works.com,87,Pilar,Ackerman,adventure-works\pilar0,G,11,23,Shipping and Receiving Supervisor
prasanna0@adventure-works.com,241,Prasanna,Samarawickrama,adventure-works\prasanna0,E,11,111,Production Technician - WC20
rachel0@adventure-works.com,295,Rachel,Valdez,adventure-works\rachel0,B,8,290,Sales Representative
rajesh0@adventure-works.com,83,Rajesh,Patel,adventure-works\rajesh0,M,11,214,Production Technician - WC40
ramesh0@adventure-works.com,153,Ramesh,Meyyappan,adventure-works\ramesh0,V,11,44,Application Specialist
randy0@adventure-works.com,259,Randy,Reeves,adventure-works\randy0,T,11,20,Production Technician - WC60
ranjit0@adventure-works.com,292,Ranjit,Varkey Chudukatil,adventure-works\ranjit0,R,7,290,Sales Representative
raymond0@adventure-works.com,67,Raymond,Sam,adventure-works\raymond0,K,11,147,Production Technician - WC20
rebecca0@adventure-works.com,82,Rebecca,Laszlo,adventure-works\rebecca0,A,11,18,Production Technician - WC60
reed0@adventure-works.com,150,Reed,Koch,adventure-works\reed0,T,11,188,Production Technician - WC30
reinout0@adventure-works.com,270,Reinout,Hillmann,adventure-works\reinout0,N,11,278,Purchasing Assistant
reuben0@adventure-works.com,53,Reuben,D'sa,adventure-works\reuben0,H,11,23,Production Supervisor - WC40
rob0@adventure-works.com,4,Rob,Walters,adventure-works\rob0,,11,3,Senior Tool Designer
rob0@adventure-works.com,5,Rob,Walters,adventure-works\rob0,,11,3,Senior Tool Designer
rob1@adventure-works.com,172,Rob,Caron,adventure-works\rob1,T,11,89,Production Technician - WC40
robert0@adventure-works.com,148,Robert,Rounthwaite,adventure-works\robert0,J,11,163,Production Technician - WC45
roberto0@adventure-works.com,3,Roberto,Tamburello,adventure-works\roberto0,,11,14,Engineering Manager
rostislav0@adventure-works.com,184,Rostislav,Shabalin,adventure-works\rostislav0,E,11,138,Production Technician - WC30
russell0@adventure-works.com,45,Russell,Hunter,adventure-works\russell0,,11,76,Production Technician - WC50
russell1@adventure-works.com,187,Russell,King,adventure-works\russell1,M,11,188,Production Technician - WC30
ruth0@adventure-works.com,10,Ruth,Ellerbrock,adventure-works\ruth0,Ann,11,189,Production Technician - WC10
ryan0@adventure-works.com,95,Ryan,Cornelsen,adventure-works\ryan0,L,11,53,Production Technician - WC40
sairaj0@adventure-works.com,135,Sairaj,Uddin,adventure-works\sairaj0,L,11,46,Scheduling Assistant
samantha0@adventure-works.com,155,Samantha,Smith,adventure-works\samantha0,H,11,111,Production Technician - WC20
sameer0@adventure-works.com,169,Sameer,Tejani,adventure-works\sameer0,A,11,76,Production Technician - WC50
sandeep0@adventure-works.com,240,Sandeep,Kaliyath,adventure-works\sandeep0,P,11,53,Production Technician - WC40
sandra0@adventure-works.com,75,Sandra,Reátegui Alayo,adventure-works\sandra0,,11,138,Production Technician - WC30
sariya0@adventure-works.com,48,Sariya,Harnpadoungsataya,adventure-works\sariya0,E,11,7,Marketing Specialist
scott0@adventure-works.com,101,Scott,Gode,adventure-works\scott0,R,11,201,Production Technician - WC45
sean0@adventure-works.com,79,Sean,Alexander,adventure-works\sean0,P,11,43,Quality Assurance Technician
sean1@adventure-works.com,130,Sean,Chai,adventure-works\sean1,N,11,92,Document Control Assistant
shammi0@adventure-works.com,70,Shammi,Mohamed,adventure-works\shammi0,G,11,214,Production Technician - WC40
shane0@adventure-works.com,163,Shane,Kim,adventure-works\shane0,S,11,23,Production Supervisor - WC45
sharon0@adventure-works.com,274,Sharon,Salavaria,adventure-works\sharon0,B,11,3,Design Engineer
sheela0@adventure-works.com,278,Sheela,Word,adventure-works\sheela0,H,11,73,Purchasing Manager
sheela0@adventure-works.com,279,Sheela,Word,adventure-works\sheela0,H,11,73,Purchasing Manager
sheela0@adventure-works.com,280,Sheela,Word,adventure-works\sheela0,H,11,73,Purchasing Manager
shelley0@adventure-works.com,218,Shelley,Dyck,adventure-works\shelley0,N,11,147,Production Technician - WC20
shu0@adventure-works.com,287,Shu,Ito,adventure-works\shu0,K,4,272,Sales Representative
sidney0@adventure-works.com,15,Sidney,Higa,adventure-works\sidney0,M,11,189,Production Technician - WC10
simon0@adventure-works.com,39,Simon,Rapier,adventure-works\simon0,D,11,9,Production Technician - WC60
sootha0@adventure-works.com,257,Sootha,Charncherngkha,adventure-works\sootha0,T,11,43,Quality Assurance Technician
stefen0@adventure-works.com,203,Stefen,Hesse,adventure-works\stefen0,A,11,186,Production Technician - WC20
stephanie0@adventure-works.com,154,Stephanie,Conroy,adventure-works\stephanie0,A,11,44,Network Manager
stephen0@adventure-works.com,272,Stephen,Jiang,adventure-works\stephen0,Y,11,277,North American Sales Manager
steve0@adventure-works.com,178,Steve,Masters,adventure-works\steve0,F,11,20,Production Technician - WC60
steven0@adventure-works.com,22,Steven,Selikoff,adventure-works\steven0,T,11,177,Production Technician - WC30
stuart0@adventure-works.com,24,Stuart,Munson,adventure-works\stuart0,V,11,201,Production Technician - WC45
stuart1@adventure-works.com,263,Stuart,Macrae,adventure-works\stuart1,J,11,51,Janitor
suchitra0@adventure-works.com,179,Suchitra,Mohan,adventure-works\suchitra0,O,11,18,Production Technician - WC60
suroor0@adventure-works.com,60,Suroor,Fatima,adventure-works\suroor0,R,11,40,Production Technician - WC50
susan0@adventure-works.com,36,Susan,Eaton,adventure-works\susan0,W,11,87,Stocker
susan1@adventure-works.com,52,Susan,Metters,adventure-works\susan1,A,11,188,Production Technician - WC30
syed0@adventure-works.com,294,Syed,Abbas,adventure-works\syed0,E,11,277,Pacific Sales Manager
sylvester0@adventure-works.com,225,Sylvester,Valdez,adventure-works\sylvester0,A,11,111,Production Technician - WC20
tawana0@adventure-works.com,156,Tawana,Nusbaum,adventure-works\tawana0,G,11,214,Production Technician - WC40
taylor0@adventure-works.com,16,Taylor,Maxwell,adventure-works\taylor0,R,11,23,Production Supervisor - WC50
tengiz0@adventure-works.com,56,Tengiz,Kharatishvili,adventure-works\tengiz0,N,11,92,Control Specialist
terrence0@adventure-works.com,181,Terrence,Earls,adventure-works\terrence0,W,11,147,Production Technician - WC20
terri0@adventure-works.com,14,Terri,Duffy,adventure-works\terri0,Lee,11,112,Vice President of Engineering
terry0@adventure-works.com,207,Terry,Eminhizer,adventure-works\terry0,J,11,7,Marketing Specialist
tete0@adventure-works.com,293,Tete,Mensa-Annan,adventure-works\tete0,A,1,272,Sales Representative
thierry0@adventure-works.com,6,Thierry,D'Hers,adventure-works\thierry0,B,11,267,Tool Designer
thomas0@adventure-works.com,198,Thomas,Michaels,adventure-works\thomas0,R,11,9,Production Technician - WC60
tom0@adventure-works.com,266,Tom,Vande Velde,adventure-works\tom0,M,11,66,Production Technician - WC10
tsvi0@adventure-works.com,285,Tsvi,Reiter,adventure-works\tsvi0,Michael,5,272,Sales Representative
vamsi0@adventure-works.com,37,Vamsi,Kuppa,adventure-works\vamsi0,N,11,87,Shipping and Receiving Clerk
vidur0@adventure-works.com,84,Vidur,Luthra,adventure-works\vidur0,X,11,32,Recruiter
wanida0@adventure-works.com,273,Wanida,Benshoof,adventure-works\wanida0,M,11,7,Marketing Assistant
wendy0@adventure-works.com,73,Wendy,Kahn,adventure-works\wendy0,Beth,11,143,Finance Manager
william0@adventure-works.com,98,William,Vong,adventure-works\william0,S,11,46,Scheduling Assistant
william0@adventure-works.com,99,William,Vong,adventure-works\william0,S,11,46,Scheduling Assistant
willis0@adventure-works.com,49,Willis,Johnson,adventure-works\willis0,T,11,32,Recruiter
yuhong0@adventure-works.com,147,Yuhong,Li,adventure-works\yuhong0,L,11,23,Production Supervisor - WC20
yvonne0@adventure-works.com,42,Yvonne,McKay,adventure-works\yvonne0,S,11,163,Production Technician - WC45
zainal0@adventure-works.com,92,Zainal,Arifin,adventure-works\zainal0,T,11,204,Document Control Manager
zheng0@adventure-works.com,27,Zheng,Mu,adventure-works\zheng0,W,11,23,Production Supervisor - WC10
