﻿Category,Subcategory,Product Name,Color,Product Name,ProductKey,ProductSubcategoryKey
Accessories,Bike Racks,Hitch Rack - 4-Bike,NA,Hitch Rack - 4-Bike,483,26
Accessories,Bike Stands,All-Purpose Bike Stand,NA,All-Purpose Bike Stand,486,27
Accessories,Bottles and Cages,Mountain Bottle Cage,NA,Mountain Bottle Cage,478,28
Accessories,Bottles and Cages,Road Bottle Cage,NA,Road Bottle Cage,479,28
Accessories,Bottles and Cages,Water Bottle - 30 oz.,NA,Water Bottle - 30 oz.,477,28
Accessories,Cleaners,Bike Wash - Dissolver,NA,Bike Wash - Dissolver,484,29
Accessories,Fenders,Fender Set - Mountain,NA,Fender Set - Mountain,485,30
Accessories,Helmets,"Sport-100 Helmet, Black",Black,"Sport-100 Helmet, Black",215,31
Accessories,Helmets,"Sport-100 Helmet, Black",Black,"Sport-100 Helmet, Black",216,31
Accessories,Helmets,"Sport-100 Helmet, Black",Black,"Sport-100 Helmet, Black",217,31
Accessories,Helmets,"Sport-100 Helmet, Blue",Blue,"Sport-100 Helmet, Blue",220,31
Accessories,Helmets,"Sport-100 Helmet, Blue",Blue,"Sport-100 Helmet, Blue",221,31
Accessories,Helmets,"Sport-100 Helmet, Blue",Blue,"Sport-100 Helmet, Blue",222,31
Accessories,Helmets,"Sport-100 Helmet, Red",Red,"Sport-100 Helmet, Red",212,31
Accessories,Helmets,"Sport-100 Helmet, Red",Red,"Sport-100 Helmet, Red",213,31
Accessories,Helmets,"Sport-100 Helmet, Red",Red,"Sport-100 Helmet, Red",214,31
Accessories,Hydration Packs,Hydration Pack - 70 oz.,Silver,Hydration Pack - 70 oz.,487,32
Accessories,Lights,Headlights - Dual-Beam,NA,Headlights - Dual-Beam,451,33
Accessories,Lights,Headlights - Weatherproof,NA,Headlights - Weatherproof,452,33
Accessories,Lights,Taillights - Battery-Powered,NA,Taillights - Battery-Powered,450,33
Accessories,Locks,Cable Lock,NA,Cable Lock,447,34
Accessories,Panniers,"Touring-Panniers, Large",Grey,"Touring-Panniers, Large",446,35
Accessories,Pumps,Minipump,NA,Minipump,448,36
Accessories,Pumps,Mountain Pump,NA,Mountain Pump,449,36
Accessories,Tires and Tubes,HL Mountain Tire,NA,HL Mountain Tire,537,37
Accessories,Tires and Tubes,HL Road Tire,NA,HL Road Tire,540,37
Accessories,Tires and Tubes,LL Mountain Tire,NA,LL Mountain Tire,535,37
Accessories,Tires and Tubes,LL Road Tire,NA,LL Road Tire,538,37
Accessories,Tires and Tubes,ML Mountain Tire,NA,ML Mountain Tire,536,37
Accessories,Tires and Tubes,ML Road Tire,NA,ML Road Tire,539,37
Accessories,Tires and Tubes,Mountain Tire Tube,NA,Mountain Tire Tube,528,37
Accessories,Tires and Tubes,Patch Kit/8 Patches,NA,Patch Kit/8 Patches,480,37
Accessories,Tires and Tubes,Road Tire Tube,NA,Road Tire Tube,529,37
Accessories,Tires and Tubes,Touring Tire,NA,Touring Tire,541,37
Accessories,Tires and Tubes,Touring Tire Tube,NA,Touring Tire Tube,530,37
Bikes,Mountain Bikes,"Mountain-100 Black, 38",Black,"Mountain-100 Black, 38",348,1
Bikes,Mountain Bikes,"Mountain-100 Black, 42",Black,"Mountain-100 Black, 42",349,1
Bikes,Mountain Bikes,"Mountain-100 Black, 44",Black,"Mountain-100 Black, 44",350,1
Bikes,Mountain Bikes,"Mountain-100 Black, 48",Black,"Mountain-100 Black, 48",351,1
Bikes,Mountain Bikes,"Mountain-100 Silver, 38",Silver,"Mountain-100 Silver, 38",344,1
Bikes,Mountain Bikes,"Mountain-100 Silver, 42",Silver,"Mountain-100 Silver, 42",345,1
Bikes,Mountain Bikes,"Mountain-100 Silver, 44",Silver,"Mountain-100 Silver, 44",346,1
Bikes,Mountain Bikes,"Mountain-100 Silver, 48",Silver,"Mountain-100 Silver, 48",347,1
Bikes,Mountain Bikes,"Mountain-200 Black, 38",Black,"Mountain-200 Black, 38",358,1
Bikes,Mountain Bikes,"Mountain-200 Black, 38",Black,"Mountain-200 Black, 38",359,1
Bikes,Mountain Bikes,"Mountain-200 Black, 42",Black,"Mountain-200 Black, 42",360,1
Bikes,Mountain Bikes,"Mountain-200 Black, 42",Black,"Mountain-200 Black, 42",361,1
Bikes,Mountain Bikes,"Mountain-200 Black, 46",Black,"Mountain-200 Black, 46",362,1
Bikes,Mountain Bikes,"Mountain-200 Black, 46",Black,"Mountain-200 Black, 46",363,1
Bikes,Mountain Bikes,"Mountain-200 Silver, 38",Silver,"Mountain-200 Silver, 38",352,1
Bikes,Mountain Bikes,"Mountain-200 Silver, 38",Silver,"Mountain-200 Silver, 38",353,1
Bikes,Mountain Bikes,"Mountain-200 Silver, 42",Silver,"Mountain-200 Silver, 42",354,1
Bikes,Mountain Bikes,"Mountain-200 Silver, 42",Silver,"Mountain-200 Silver, 42",355,1
Bikes,Mountain Bikes,"Mountain-200 Silver, 46",Silver,"Mountain-200 Silver, 46",356,1
Bikes,Mountain Bikes,"Mountain-200 Silver, 46",Silver,"Mountain-200 Silver, 46",357,1
Bikes,Mountain Bikes,"Mountain-300 Black, 38",Black,"Mountain-300 Black, 38",364,1
Bikes,Mountain Bikes,"Mountain-300 Black, 40",Black,"Mountain-300 Black, 40",365,1
Bikes,Mountain Bikes,"Mountain-300 Black, 44",Black,"Mountain-300 Black, 44",366,1
Bikes,Mountain Bikes,"Mountain-300 Black, 48",Black,"Mountain-300 Black, 48",367,1
Bikes,Mountain Bikes,"Mountain-400-W Silver, 38",Silver,"Mountain-400-W Silver, 38",587,1
Bikes,Mountain Bikes,"Mountain-400-W Silver, 40",Silver,"Mountain-400-W Silver, 40",588,1
Bikes,Mountain Bikes,"Mountain-400-W Silver, 42",Silver,"Mountain-400-W Silver, 42",589,1
Bikes,Mountain Bikes,"Mountain-400-W Silver, 46",Silver,"Mountain-400-W Silver, 46",590,1
Bikes,Mountain Bikes,"Mountain-500 Black, 40",Black,"Mountain-500 Black, 40",596,1
Bikes,Mountain Bikes,"Mountain-500 Black, 42",Black,"Mountain-500 Black, 42",597,1
Bikes,Mountain Bikes,"Mountain-500 Black, 44",Black,"Mountain-500 Black, 44",598,1
Bikes,Mountain Bikes,"Mountain-500 Black, 48",Black,"Mountain-500 Black, 48",599,1
Bikes,Mountain Bikes,"Mountain-500 Black, 52",Black,"Mountain-500 Black, 52",600,1
Bikes,Mountain Bikes,"Mountain-500 Silver, 40",Silver,"Mountain-500 Silver, 40",591,1
Bikes,Mountain Bikes,"Mountain-500 Silver, 42",Silver,"Mountain-500 Silver, 42",592,1
Bikes,Mountain Bikes,"Mountain-500 Silver, 44",Silver,"Mountain-500 Silver, 44",593,1
Bikes,Mountain Bikes,"Mountain-500 Silver, 48",Silver,"Mountain-500 Silver, 48",594,1
Bikes,Mountain Bikes,"Mountain-500 Silver, 52",Silver,"Mountain-500 Silver, 52",595,1
Bikes,Road Bikes,"Road-150 Red, 44",Red,"Road-150 Red, 44",311,2
Bikes,Road Bikes,"Road-150 Red, 48",Red,"Road-150 Red, 48",312,2
Bikes,Road Bikes,"Road-150 Red, 52",Red,"Road-150 Red, 52",313,2
Bikes,Road Bikes,"Road-150 Red, 56",Red,"Road-150 Red, 56",314,2
Bikes,Road Bikes,"Road-150 Red, 62",Red,"Road-150 Red, 62",310,2
Bikes,Road Bikes,"Road-250 Black, 44",Black,"Road-250 Black, 44",373,2
Bikes,Road Bikes,"Road-250 Black, 44",Black,"Road-250 Black, 44",374,2
Bikes,Road Bikes,"Road-250 Black, 48",Black,"Road-250 Black, 48",375,2
Bikes,Road Bikes,"Road-250 Black, 48",Black,"Road-250 Black, 48",376,2
Bikes,Road Bikes,"Road-250 Black, 52",Black,"Road-250 Black, 52",377,2
Bikes,Road Bikes,"Road-250 Black, 52",Black,"Road-250 Black, 52",378,2
Bikes,Road Bikes,"Road-250 Black, 58",Black,"Road-250 Black, 58",379,2
Bikes,Road Bikes,"Road-250 Black, 58",Black,"Road-250 Black, 58",380,2
Bikes,Road Bikes,"Road-250 Red, 44",Red,"Road-250 Red, 44",368,2
Bikes,Road Bikes,"Road-250 Red, 48",Red,"Road-250 Red, 48",369,2
Bikes,Road Bikes,"Road-250 Red, 52",Red,"Road-250 Red, 52",370,2
Bikes,Road Bikes,"Road-250 Red, 58",Red,"Road-250 Red, 58",371,2
Bikes,Road Bikes,"Road-250 Red, 58",Red,"Road-250 Red, 58",372,2
Bikes,Road Bikes,"Road-350-W Yellow, 40",Yellow,"Road-350-W Yellow, 40",580,2
Bikes,Road Bikes,"Road-350-W Yellow, 42",Yellow,"Road-350-W Yellow, 42",581,2
Bikes,Road Bikes,"Road-350-W Yellow, 44",Yellow,"Road-350-W Yellow, 44",582,2
Bikes,Road Bikes,"Road-350-W Yellow, 48",Yellow,"Road-350-W Yellow, 48",583,2
Bikes,Road Bikes,"Road-450 Red, 44",Red,"Road-450 Red, 44",317,2
Bikes,Road Bikes,"Road-450 Red, 48",Red,"Road-450 Red, 48",318,2
Bikes,Road Bikes,"Road-450 Red, 52",Red,"Road-450 Red, 52",319,2
Bikes,Road Bikes,"Road-450 Red, 58",Red,"Road-450 Red, 58",315,2
Bikes,Road Bikes,"Road-450 Red, 60",Red,"Road-450 Red, 60",316,2
Bikes,Road Bikes,"Road-550-W Yellow, 38",Yellow,"Road-550-W Yellow, 38",381,2
Bikes,Road Bikes,"Road-550-W Yellow, 38",Yellow,"Road-550-W Yellow, 38",382,2
Bikes,Road Bikes,"Road-550-W Yellow, 40",Yellow,"Road-550-W Yellow, 40",383,2
Bikes,Road Bikes,"Road-550-W Yellow, 40",Yellow,"Road-550-W Yellow, 40",384,2
Bikes,Road Bikes,"Road-550-W Yellow, 42",Yellow,"Road-550-W Yellow, 42",385,2
Bikes,Road Bikes,"Road-550-W Yellow, 42",Yellow,"Road-550-W Yellow, 42",386,2
Bikes,Road Bikes,"Road-550-W Yellow, 44",Yellow,"Road-550-W Yellow, 44",387,2
Bikes,Road Bikes,"Road-550-W Yellow, 44",Yellow,"Road-550-W Yellow, 44",388,2
Bikes,Road Bikes,"Road-550-W Yellow, 48",Yellow,"Road-550-W Yellow, 48",389,2
Bikes,Road Bikes,"Road-550-W Yellow, 48",Yellow,"Road-550-W Yellow, 48",390,2
Bikes,Road Bikes,"Road-650 Black, 44",Black,"Road-650 Black, 44",338,2
Bikes,Road Bikes,"Road-650 Black, 44",Black,"Road-650 Black, 44",339,2
Bikes,Road Bikes,"Road-650 Black, 48",Black,"Road-650 Black, 48",340,2
Bikes,Road Bikes,"Road-650 Black, 48",Black,"Road-650 Black, 48",341,2
Bikes,Road Bikes,"Road-650 Black, 52",Black,"Road-650 Black, 52",342,2
Bikes,Road Bikes,"Road-650 Black, 52",Black,"Road-650 Black, 52",343,2
Bikes,Road Bikes,"Road-650 Black, 58",Black,"Road-650 Black, 58",332,2
Bikes,Road Bikes,"Road-650 Black, 58",Black,"Road-650 Black, 58",333,2
Bikes,Road Bikes,"Road-650 Black, 60",Black,"Road-650 Black, 60",334,2
Bikes,Road Bikes,"Road-650 Black, 60",Black,"Road-650 Black, 60",335,2
Bikes,Road Bikes,"Road-650 Black, 62",Black,"Road-650 Black, 62",336,2
Bikes,Road Bikes,"Road-650 Black, 62",Black,"Road-650 Black, 62",337,2
Bikes,Road Bikes,"Road-650 Red, 44",Red,"Road-650 Red, 44",326,2
Bikes,Road Bikes,"Road-650 Red, 44",Red,"Road-650 Red, 44",327,2
Bikes,Road Bikes,"Road-650 Red, 48",Red,"Road-650 Red, 48",328,2
Bikes,Road Bikes,"Road-650 Red, 48",Red,"Road-650 Red, 48",329,2
Bikes,Road Bikes,"Road-650 Red, 52",Red,"Road-650 Red, 52",330,2
Bikes,Road Bikes,"Road-650 Red, 52",Red,"Road-650 Red, 52",331,2
Bikes,Road Bikes,"Road-650 Red, 58",Red,"Road-650 Red, 58",320,2
Bikes,Road Bikes,"Road-650 Red, 58",Red,"Road-650 Red, 58",321,2
Bikes,Road Bikes,"Road-650 Red, 60",Red,"Road-650 Red, 60",322,2
Bikes,Road Bikes,"Road-650 Red, 60",Red,"Road-650 Red, 60",323,2
Bikes,Road Bikes,"Road-650 Red, 62",Red,"Road-650 Red, 62",324,2
Bikes,Road Bikes,"Road-650 Red, 62",Red,"Road-650 Red, 62",325,2
Bikes,Road Bikes,"Road-750 Black, 44",Black,"Road-750 Black, 44",604,2
Bikes,Road Bikes,"Road-750 Black, 48",Black,"Road-750 Black, 48",605,2
Bikes,Road Bikes,"Road-750 Black, 52",Black,"Road-750 Black, 52",606,2
Bikes,Road Bikes,"Road-750 Black, 58",Black,"Road-750 Black, 58",584,2
Bikes,Touring Bikes,"Touring-1000 Blue, 46",Blue,"Touring-1000 Blue, 46",573,3
Bikes,Touring Bikes,"Touring-1000 Blue, 50",Blue,"Touring-1000 Blue, 50",574,3
Bikes,Touring Bikes,"Touring-1000 Blue, 54",Blue,"Touring-1000 Blue, 54",575,3
Bikes,Touring Bikes,"Touring-1000 Blue, 60",Blue,"Touring-1000 Blue, 60",576,3
Bikes,Touring Bikes,"Touring-1000 Yellow, 46",Yellow,"Touring-1000 Yellow, 46",561,3
Bikes,Touring Bikes,"Touring-1000 Yellow, 50",Yellow,"Touring-1000 Yellow, 50",562,3
Bikes,Touring Bikes,"Touring-1000 Yellow, 54",Yellow,"Touring-1000 Yellow, 54",563,3
Bikes,Touring Bikes,"Touring-1000 Yellow, 60",Yellow,"Touring-1000 Yellow, 60",564,3
Bikes,Touring Bikes,"Touring-2000 Blue, 46",Blue,"Touring-2000 Blue, 46",577,3
Bikes,Touring Bikes,"Touring-2000 Blue, 50",Blue,"Touring-2000 Blue, 50",578,3
Bikes,Touring Bikes,"Touring-2000 Blue, 54",Blue,"Touring-2000 Blue, 54",579,3
Bikes,Touring Bikes,"Touring-2000 Blue, 60",Blue,"Touring-2000 Blue, 60",560,3
Bikes,Touring Bikes,"Touring-3000 Blue, 44",Blue,"Touring-3000 Blue, 44",585,3
Bikes,Touring Bikes,"Touring-3000 Blue, 50",Blue,"Touring-3000 Blue, 50",586,3
Bikes,Touring Bikes,"Touring-3000 Blue, 54",Blue,"Touring-3000 Blue, 54",565,3
Bikes,Touring Bikes,"Touring-3000 Blue, 58",Blue,"Touring-3000 Blue, 58",566,3
Bikes,Touring Bikes,"Touring-3000 Blue, 62",Blue,"Touring-3000 Blue, 62",567,3
Bikes,Touring Bikes,"Touring-3000 Yellow, 44",Yellow,"Touring-3000 Yellow, 44",568,3
Bikes,Touring Bikes,"Touring-3000 Yellow, 50",Yellow,"Touring-3000 Yellow, 50",569,3
Bikes,Touring Bikes,"Touring-3000 Yellow, 54",Yellow,"Touring-3000 Yellow, 54",570,3
Bikes,Touring Bikes,"Touring-3000 Yellow, 58",Yellow,"Touring-3000 Yellow, 58",571,3
Bikes,Touring Bikes,"Touring-3000 Yellow, 62",Yellow,"Touring-3000 Yellow, 62",572,3
Clothing,Bib-Shorts,"Men's Bib-Shorts, L",Multi,"Men's Bib-Shorts, L",461,18
Clothing,Bib-Shorts,"Men's Bib-Shorts, M",Multi,"Men's Bib-Shorts, M",460,18
Clothing,Bib-Shorts,"Men's Bib-Shorts, S",Multi,"Men's Bib-Shorts, S",459,18
Clothing,Caps,AWC Logo Cap,Multi,AWC Logo Cap,223,19
Clothing,Caps,AWC Logo Cap,Multi,AWC Logo Cap,224,19
Clothing,Caps,AWC Logo Cap,Multi,AWC Logo Cap,225,19
Clothing,Gloves,"Full-Finger Gloves, L",Black,"Full-Finger Gloves, L",470,20
Clothing,Gloves,"Full-Finger Gloves, M",Black,"Full-Finger Gloves, M",469,20
Clothing,Gloves,"Full-Finger Gloves, S",Black,"Full-Finger Gloves, S",468,20
Clothing,Gloves,"Half-Finger Gloves, L",Black,"Half-Finger Gloves, L",466,20
Clothing,Gloves,"Half-Finger Gloves, L",Black,"Half-Finger Gloves, L",467,20
Clothing,Gloves,"Half-Finger Gloves, M",Black,"Half-Finger Gloves, M",464,20
Clothing,Gloves,"Half-Finger Gloves, M",Black,"Half-Finger Gloves, M",465,20
Clothing,Gloves,"Half-Finger Gloves, S",Black,"Half-Finger Gloves, S",462,20
Clothing,Gloves,"Half-Finger Gloves, S",Black,"Half-Finger Gloves, S",463,20
Clothing,Jerseys,"Long-Sleeve Logo Jersey, L",Multi,"Long-Sleeve Logo Jersey, L",232,21
Clothing,Jerseys,"Long-Sleeve Logo Jersey, L",Multi,"Long-Sleeve Logo Jersey, L",233,21
Clothing,Jerseys,"Long-Sleeve Logo Jersey, L",Multi,"Long-Sleeve Logo Jersey, L",234,21
Clothing,Jerseys,"Long-Sleeve Logo Jersey, M",Multi,"Long-Sleeve Logo Jersey, M",229,21
Clothing,Jerseys,"Long-Sleeve Logo Jersey, M",Multi,"Long-Sleeve Logo Jersey, M",230,21
Clothing,Jerseys,"Long-Sleeve Logo Jersey, M",Multi,"Long-Sleeve Logo Jersey, M",231,21
Clothing,Jerseys,"Long-Sleeve Logo Jersey, S",Multi,"Long-Sleeve Logo Jersey, S",226,21
Clothing,Jerseys,"Long-Sleeve Logo Jersey, S",Multi,"Long-Sleeve Logo Jersey, S",227,21
Clothing,Jerseys,"Long-Sleeve Logo Jersey, S",Multi,"Long-Sleeve Logo Jersey, S",228,21
Clothing,Jerseys,"Long-Sleeve Logo Jersey, XL",Multi,"Long-Sleeve Logo Jersey, XL",235,21
Clothing,Jerseys,"Long-Sleeve Logo Jersey, XL",Multi,"Long-Sleeve Logo Jersey, XL",236,21
Clothing,Jerseys,"Long-Sleeve Logo Jersey, XL",Multi,"Long-Sleeve Logo Jersey, XL",237,21
Clothing,Jerseys,"Short-Sleeve Classic Jersey, L",Yellow,"Short-Sleeve Classic Jersey, L",490,21
Clothing,Jerseys,"Short-Sleeve Classic Jersey, M",Yellow,"Short-Sleeve Classic Jersey, M",489,21
Clothing,Jerseys,"Short-Sleeve Classic Jersey, S",Yellow,"Short-Sleeve Classic Jersey, S",488,21
Clothing,Jerseys,"Short-Sleeve Classic Jersey, XL",Yellow,"Short-Sleeve Classic Jersey, XL",491,21
Clothing,Shorts,"Men's Sports Shorts, L",Black,"Men's Sports Shorts, L",454,22
Clothing,Shorts,"Men's Sports Shorts, M",Black,"Men's Sports Shorts, M",453,22
Clothing,Shorts,"Men's Sports Shorts, S",Black,"Men's Sports Shorts, S",445,22
Clothing,Shorts,"Men's Sports Shorts, XL",Black,"Men's Sports Shorts, XL",455,22
Clothing,Shorts,"Women's Mountain Shorts, L",Black,"Women's Mountain Shorts, L",476,22
Clothing,Shorts,"Women's Mountain Shorts, M",Black,"Women's Mountain Shorts, M",475,22
Clothing,Shorts,"Women's Mountain Shorts, S",Black,"Women's Mountain Shorts, S",474,22
Clothing,Socks,"Mountain Bike Socks, L",White,"Mountain Bike Socks, L",219,23
Clothing,Socks,"Mountain Bike Socks, M",White,"Mountain Bike Socks, M",218,23
Clothing,Socks,"Racing Socks, L",White,"Racing Socks, L",482,23
Clothing,Socks,"Racing Socks, M",White,"Racing Socks, M",481,23
Clothing,Tights,"Women's Tights, L",Black,"Women's Tights, L",458,24
Clothing,Tights,"Women's Tights, M",Black,"Women's Tights, M",457,24
Clothing,Tights,"Women's Tights, S",Black,"Women's Tights, S",456,24
Clothing,Vests,"Classic Vest, L",Blue,"Classic Vest, L",473,25
Clothing,Vests,"Classic Vest, M",Blue,"Classic Vest, M",472,25
Clothing,Vests,"Classic Vest, S",Blue,"Classic Vest, S",471,25
Components,Bottom Brackets,HL Bottom Bracket,NA,HL Bottom Bracket,603,5
Components,Bottom Brackets,LL Bottom Bracket,NA,LL Bottom Bracket,601,5
Components,Bottom Brackets,ML Bottom Bracket,NA,ML Bottom Bracket,602,5
Components,Brakes,Front Brakes,Silver,Front Brakes,555,6
Components,Brakes,Rear Brakes,Silver,Rear Brakes,514,6
Components,Chains,Chain,Silver,Chain,559,7
Components,Cranksets,HL Crankset,Black,HL Crankset,558,8
Components,Cranksets,LL Crankset,Black,LL Crankset,556,8
Components,Cranksets,ML Crankset,Black,ML Crankset,557,8
Components,Derailleurs,Front Derailleur,Silver,Front Derailleur,552,9
Components,Derailleurs,Rear Derailleur,Silver,Rear Derailleur,501,9
Components,Forks,HL Fork,NA,HL Fork,393,10
Components,Forks,LL Fork,NA,LL Fork,391,10
Components,Forks,ML Fork,NA,ML Fork,392,10
Components,Handlebars,HL Mountain Handlebars,NA,HL Mountain Handlebars,401,4
Components,Handlebars,HL Mountain Handlebars,NA,HL Mountain Handlebars,402,4
Components,Handlebars,HL Road Handlebars,NA,HL Road Handlebars,407,4
Components,Handlebars,HL Road Handlebars,NA,HL Road Handlebars,408,4
Components,Handlebars,HL Touring Handlebars,NA,HL Touring Handlebars,554,4
Components,Handlebars,LL Mountain Handlebars,NA,LL Mountain Handlebars,397,4
Components,Handlebars,LL Mountain Handlebars,NA,LL Mountain Handlebars,398,4
Components,Handlebars,LL Road Handlebars,NA,LL Road Handlebars,403,4
Components,Handlebars,LL Road Handlebars,NA,LL Road Handlebars,404,4
Components,Handlebars,LL Touring Handlebars,NA,LL Touring Handlebars,553,4
Components,Handlebars,ML Mountain Handlebars,NA,ML Mountain Handlebars,399,4
Components,Handlebars,ML Mountain Handlebars,NA,ML Mountain Handlebars,400,4
Components,Handlebars,ML Road Handlebars,NA,ML Road Handlebars,405,4
Components,Handlebars,ML Road Handlebars,NA,ML Road Handlebars,406,4
Components,Headsets,HL Headset,NA,HL Headset,396,11
Components,Headsets,LL Headset,NA,LL Headset,394,11
Components,Headsets,ML Headset,NA,ML Headset,395,11
Components,Mountain Frames,"HL Mountain Frame - Black, 38",Black,"HL Mountain Frame - Black, 38",304,12
Components,Mountain Frames,"HL Mountain Frame - Black, 38",Black,"HL Mountain Frame - Black, 38",305,12
Components,Mountain Frames,"HL Mountain Frame - Black, 38",Black,"HL Mountain Frame - Black, 38",306,12
Components,Mountain Frames,"HL Mountain Frame - Black, 42",Black,"HL Mountain Frame - Black, 42",296,12
Components,Mountain Frames,"HL Mountain Frame - Black, 42",Black,"HL Mountain Frame - Black, 42",297,12
Components,Mountain Frames,"HL Mountain Frame - Black, 42",Black,"HL Mountain Frame - Black, 42",298,12
Components,Mountain Frames,"HL Mountain Frame - Black, 44",Black,"HL Mountain Frame - Black, 44",299,12
Components,Mountain Frames,"HL Mountain Frame - Black, 46",Black,"HL Mountain Frame - Black, 46",301,12
Components,Mountain Frames,"HL Mountain Frame - Black, 46",Black,"HL Mountain Frame - Black, 46",302,12
Components,Mountain Frames,"HL Mountain Frame - Black, 46",Black,"HL Mountain Frame - Black, 46",303,12
Components,Mountain Frames,"HL Mountain Frame - Black, 48",Black,"HL Mountain Frame - Black, 48",300,12
Components,Mountain Frames,"HL Mountain Frame - Silver, 38",Silver,"HL Mountain Frame - Silver, 38",307,12
Components,Mountain Frames,"HL Mountain Frame - Silver, 38",Silver,"HL Mountain Frame - Silver, 38",308,12
Components,Mountain Frames,"HL Mountain Frame - Silver, 38",Silver,"HL Mountain Frame - Silver, 38",309,12
Components,Mountain Frames,"HL Mountain Frame - Silver, 42",Silver,"HL Mountain Frame - Silver, 42",288,12
Components,Mountain Frames,"HL Mountain Frame - Silver, 42",Silver,"HL Mountain Frame - Silver, 42",289,12
Components,Mountain Frames,"HL Mountain Frame - Silver, 42",Silver,"HL Mountain Frame - Silver, 42",290,12
Components,Mountain Frames,"HL Mountain Frame - Silver, 44",Silver,"HL Mountain Frame - Silver, 44",291,12
Components,Mountain Frames,"HL Mountain Frame - Silver, 46",Silver,"HL Mountain Frame - Silver, 46",293,12
Components,Mountain Frames,"HL Mountain Frame - Silver, 46",Silver,"HL Mountain Frame - Silver, 46",294,12
Components,Mountain Frames,"HL Mountain Frame - Silver, 46",Silver,"HL Mountain Frame - Silver, 46",295,12
Components,Mountain Frames,"HL Mountain Frame - Silver, 48",Silver,"HL Mountain Frame - Silver, 48",292,12
Components,Mountain Frames,"LL Mountain Frame - Black, 40",Black,"LL Mountain Frame - Black, 40",550,12
Components,Mountain Frames,"LL Mountain Frame - Black, 42",Black,"LL Mountain Frame - Black, 42",531,12
Components,Mountain Frames,"LL Mountain Frame - Black, 44",Black,"LL Mountain Frame - Black, 44",532,12
Components,Mountain Frames,"LL Mountain Frame - Black, 48",Black,"LL Mountain Frame - Black, 48",533,12
Components,Mountain Frames,"LL Mountain Frame - Black, 52",Black,"LL Mountain Frame - Black, 52",534,12
Components,Mountain Frames,"LL Mountain Frame - Silver, 40",Silver,"LL Mountain Frame - Silver, 40",551,12
Components,Mountain Frames,"LL Mountain Frame - Silver, 42",Silver,"LL Mountain Frame - Silver, 42",524,12
Components,Mountain Frames,"LL Mountain Frame - Silver, 44",Silver,"LL Mountain Frame - Silver, 44",525,12
Components,Mountain Frames,"LL Mountain Frame - Silver, 48",Silver,"LL Mountain Frame - Silver, 48",526,12
Components,Mountain Frames,"LL Mountain Frame - Silver, 52",Silver,"LL Mountain Frame - Silver, 52",527,12
Components,Mountain Frames,"ML Mountain Frame - Black, 38",Black,"ML Mountain Frame - Black, 38",409,12
Components,Mountain Frames,"ML Mountain Frame - Black, 40",Black,"ML Mountain Frame - Black, 40",426,12
Components,Mountain Frames,"ML Mountain Frame - Black, 44",Black,"ML Mountain Frame - Black, 44",427,12
Components,Mountain Frames,"ML Mountain Frame - Black, 48",Black,"ML Mountain Frame - Black, 48",428,12
Components,Mountain Frames,"ML Mountain Frame-W - Silver, 38",Silver,"ML Mountain Frame-W - Silver, 38",549,12
Components,Mountain Frames,"ML Mountain Frame-W - Silver, 40",Silver,"ML Mountain Frame-W - Silver, 40",511,12
Components,Mountain Frames,"ML Mountain Frame-W - Silver, 42",Silver,"ML Mountain Frame-W - Silver, 42",512,12
Components,Mountain Frames,"ML Mountain Frame-W - Silver, 46",Silver,"ML Mountain Frame-W - Silver, 46",513,12
Components,Pedals,HL Mountain Pedal,Silver/Black,HL Mountain Pedal,544,13
Components,Pedals,HL Road Pedal,Silver/Black,HL Road Pedal,547,13
Components,Pedals,LL Mountain Pedal,Silver/Black,LL Mountain Pedal,542,13
Components,Pedals,LL Road Pedal,Silver/Black,LL Road Pedal,545,13
Components,Pedals,ML Mountain Pedal,Silver/Black,ML Mountain Pedal,543,13
Components,Pedals,ML Road Pedal,Silver/Black,ML Road Pedal,546,13
Components,Pedals,Touring Pedal,Silver/Black,Touring Pedal,548,13
Components,Road Frames,"HL Road Frame - Black, 44",Black,"HL Road Frame - Black, 44",439,14
Components,Road Frames,"HL Road Frame - Black, 44",Black,"HL Road Frame - Black, 44",440,14
Components,Road Frames,"HL Road Frame - Black, 48",Black,"HL Road Frame - Black, 48",441,14
Components,Road Frames,"HL Road Frame - Black, 48",Black,"HL Road Frame - Black, 48",442,14
Components,Road Frames,"HL Road Frame - Black, 52",Black,"HL Road Frame - Black, 52",443,14
Components,Road Frames,"HL Road Frame - Black, 52",Black,"HL Road Frame - Black, 52",444,14
Components,Road Frames,"HL Road Frame - Black, 58",Black,"HL Road Frame - Black, 58",210,14
Components,Road Frames,"HL Road Frame - Black, 62",Black,"HL Road Frame - Black, 62",437,14
Components,Road Frames,"HL Road Frame - Black, 62",Black,"HL Road Frame - Black, 62",438,14
Components,Road Frames,"HL Road Frame - Red, 44",Red,"HL Road Frame - Red, 44",241,14
Components,Road Frames,"HL Road Frame - Red, 44",Red,"HL Road Frame - Red, 44",242,14
Components,Road Frames,"HL Road Frame - Red, 44",Red,"HL Road Frame - Red, 44",243,14
Components,Road Frames,"HL Road Frame - Red, 48",Red,"HL Road Frame - Red, 48",244,14
Components,Road Frames,"HL Road Frame - Red, 48",Red,"HL Road Frame - Red, 48",245,14
Components,Road Frames,"HL Road Frame - Red, 48",Red,"HL Road Frame - Red, 48",246,14
Components,Road Frames,"HL Road Frame - Red, 52",Red,"HL Road Frame - Red, 52",247,14
Components,Road Frames,"HL Road Frame - Red, 52",Red,"HL Road Frame - Red, 52",248,14
Components,Road Frames,"HL Road Frame - Red, 52",Red,"HL Road Frame - Red, 52",249,14
Components,Road Frames,"HL Road Frame - Red, 56",Red,"HL Road Frame - Red, 56",250,14
Components,Road Frames,"HL Road Frame - Red, 56",Red,"HL Road Frame - Red, 56",251,14
Components,Road Frames,"HL Road Frame - Red, 56",Red,"HL Road Frame - Red, 56",252,14
Components,Road Frames,"HL Road Frame - Red, 58",Red,"HL Road Frame - Red, 58",211,14
Components,Road Frames,"HL Road Frame - Red, 62",Red,"HL Road Frame - Red, 62",238,14
Components,Road Frames,"HL Road Frame - Red, 62",Red,"HL Road Frame - Red, 62",239,14
Components,Road Frames,"HL Road Frame - Red, 62",Red,"HL Road Frame - Red, 62",240,14
Components,Road Frames,"LL Road Frame - Black, 44",Black,"LL Road Frame - Black, 44",279,14
Components,Road Frames,"LL Road Frame - Black, 44",Black,"LL Road Frame - Black, 44",280,14
Components,Road Frames,"LL Road Frame - Black, 44",Black,"LL Road Frame - Black, 44",281,14
Components,Road Frames,"LL Road Frame - Black, 48",Black,"LL Road Frame - Black, 48",282,14
Components,Road Frames,"LL Road Frame - Black, 48",Black,"LL Road Frame - Black, 48",283,14
Components,Road Frames,"LL Road Frame - Black, 48",Black,"LL Road Frame - Black, 48",284,14
Components,Road Frames,"LL Road Frame - Black, 52",Black,"LL Road Frame - Black, 52",285,14
Components,Road Frames,"LL Road Frame - Black, 52",Black,"LL Road Frame - Black, 52",286,14
Components,Road Frames,"LL Road Frame - Black, 52",Black,"LL Road Frame - Black, 52",287,14
Components,Road Frames,"LL Road Frame - Black, 58",Black,"LL Road Frame - Black, 58",253,14
Components,Road Frames,"LL Road Frame - Black, 58",Black,"LL Road Frame - Black, 58",254,14
Components,Road Frames,"LL Road Frame - Black, 58",Black,"LL Road Frame - Black, 58",255,14
Components,Road Frames,"LL Road Frame - Black, 60",Black,"LL Road Frame - Black, 60",256,14
Components,Road Frames,"LL Road Frame - Black, 60",Black,"LL Road Frame - Black, 60",257,14
Components,Road Frames,"LL Road Frame - Black, 60",Black,"LL Road Frame - Black, 60",258,14
Components,Road Frames,"LL Road Frame - Black, 62",Black,"LL Road Frame - Black, 62",259,14
Components,Road Frames,"LL Road Frame - Black, 62",Black,"LL Road Frame - Black, 62",260,14
Components,Road Frames,"LL Road Frame - Black, 62",Black,"LL Road Frame - Black, 62",261,14
Components,Road Frames,"LL Road Frame - Red, 44",Red,"LL Road Frame - Red, 44",262,14
Components,Road Frames,"LL Road Frame - Red, 44",Red,"LL Road Frame - Red, 44",263,14
Components,Road Frames,"LL Road Frame - Red, 48",Red,"LL Road Frame - Red, 48",264,14
Components,Road Frames,"LL Road Frame - Red, 48",Red,"LL Road Frame - Red, 48",265,14
Components,Road Frames,"LL Road Frame - Red, 52",Red,"LL Road Frame - Red, 52",266,14
Components,Road Frames,"LL Road Frame - Red, 52",Red,"LL Road Frame - Red, 52",267,14
Components,Road Frames,"LL Road Frame - Red, 58",Red,"LL Road Frame - Red, 58",268,14
Components,Road Frames,"LL Road Frame - Red, 58",Red,"LL Road Frame - Red, 58",269,14
Components,Road Frames,"LL Road Frame - Red, 60",Red,"LL Road Frame - Red, 60",270,14
Components,Road Frames,"LL Road Frame - Red, 60",Red,"LL Road Frame - Red, 60",271,14
Components,Road Frames,"LL Road Frame - Red, 62",Red,"LL Road Frame - Red, 62",272,14
Components,Road Frames,"LL Road Frame - Red, 62",Red,"LL Road Frame - Red, 62",273,14
Components,Road Frames,"ML Road Frame - Red, 44",Red,"ML Road Frame - Red, 44",274,14
Components,Road Frames,"ML Road Frame - Red, 48",Red,"ML Road Frame - Red, 48",275,14
Components,Road Frames,"ML Road Frame - Red, 52",Red,"ML Road Frame - Red, 52",276,14
Components,Road Frames,"ML Road Frame - Red, 58",Red,"ML Road Frame - Red, 58",277,14
Components,Road Frames,"ML Road Frame - Red, 60",Red,"ML Road Frame - Red, 60",278,14
Components,Road Frames,"ML Road Frame-W - Yellow, 38",Yellow,"ML Road Frame-W - Yellow, 38",417,14
Components,Road Frames,"ML Road Frame-W - Yellow, 38",Yellow,"ML Road Frame-W - Yellow, 38",418,14
Components,Road Frames,"ML Road Frame-W - Yellow, 40",Yellow,"ML Road Frame-W - Yellow, 40",429,14
Components,Road Frames,"ML Road Frame-W - Yellow, 40",Yellow,"ML Road Frame-W - Yellow, 40",430,14
Components,Road Frames,"ML Road Frame-W - Yellow, 42",Yellow,"ML Road Frame-W - Yellow, 42",431,14
Components,Road Frames,"ML Road Frame-W - Yellow, 42",Yellow,"ML Road Frame-W - Yellow, 42",432,14
Components,Road Frames,"ML Road Frame-W - Yellow, 44",Yellow,"ML Road Frame-W - Yellow, 44",433,14
Components,Road Frames,"ML Road Frame-W - Yellow, 44",Yellow,"ML Road Frame-W - Yellow, 44",434,14
Components,Road Frames,"ML Road Frame-W - Yellow, 48",Yellow,"ML Road Frame-W - Yellow, 48",435,14
Components,Road Frames,"ML Road Frame-W - Yellow, 48",Yellow,"ML Road Frame-W - Yellow, 48",436,14
Components,Saddles,HL Mountain Seat/Saddle,NA,HL Mountain Seat/Saddle,517,15
Components,Saddles,HL Road Seat/Saddle,NA,HL Road Seat/Saddle,520,15
Components,Saddles,HL Touring Seat/Saddle,NA,HL Touring Seat/Saddle,523,15
Components,Saddles,LL Mountain Seat/Saddle,NA,LL Mountain Seat/Saddle,515,15
Components,Saddles,LL Road Seat/Saddle,NA,LL Road Seat/Saddle,518,15
Components,Saddles,LL Touring Seat/Saddle,NA,LL Touring Seat/Saddle,521,15
Components,Saddles,ML Mountain Seat/Saddle,NA,ML Mountain Seat/Saddle,516,15
Components,Saddles,ML Road Seat/Saddle,NA,ML Road Seat/Saddle,519,15
Components,Saddles,ML Touring Seat/Saddle,NA,ML Touring Seat/Saddle,522,15
Components,Touring Frames,"HL Touring Frame - Blue, 46",Blue,"HL Touring Frame - Blue, 46",497,16
Components,Touring Frames,"HL Touring Frame - Blue, 50",Blue,"HL Touring Frame - Blue, 50",498,16
Components,Touring Frames,"HL Touring Frame - Blue, 54",Blue,"HL Touring Frame - Blue, 54",499,16
Components,Touring Frames,"HL Touring Frame - Blue, 60",Blue,"HL Touring Frame - Blue, 60",500,16
Components,Touring Frames,"HL Touring Frame - Yellow, 46",Yellow,"HL Touring Frame - Yellow, 46",494,16
Components,Touring Frames,"HL Touring Frame - Yellow, 50",Yellow,"HL Touring Frame - Yellow, 50",495,16
Components,Touring Frames,"HL Touring Frame - Yellow, 54",Yellow,"HL Touring Frame - Yellow, 54",496,16
Components,Touring Frames,"HL Touring Frame - Yellow, 60",Yellow,"HL Touring Frame - Yellow, 60",492,16
Components,Touring Frames,"LL Touring Frame - Blue, 44",Blue,"LL Touring Frame - Blue, 44",510,16
Components,Touring Frames,"LL Touring Frame - Blue, 50",Blue,"LL Touring Frame - Blue, 50",502,16
Components,Touring Frames,"LL Touring Frame - Blue, 54",Blue,"LL Touring Frame - Blue, 54",503,16
Components,Touring Frames,"LL Touring Frame - Blue, 58",Blue,"LL Touring Frame - Blue, 58",504,16
Components,Touring Frames,"LL Touring Frame - Blue, 62",Blue,"LL Touring Frame - Blue, 62",505,16
Components,Touring Frames,"LL Touring Frame - Yellow, 44",Yellow,"LL Touring Frame - Yellow, 44",506,16
Components,Touring Frames,"LL Touring Frame - Yellow, 50",Yellow,"LL Touring Frame - Yellow, 50",507,16
Components,Touring Frames,"LL Touring Frame - Yellow, 54",Yellow,"LL Touring Frame - Yellow, 54",508,16
Components,Touring Frames,"LL Touring Frame - Yellow, 58",Yellow,"LL Touring Frame - Yellow, 58",509,16
Components,Touring Frames,"LL Touring Frame - Yellow, 62",Yellow,"LL Touring Frame - Yellow, 62",493,16
Components,Wheels,HL Mountain Front Wheel,Black,HL Mountain Front Wheel,412,17
Components,Wheels,HL Mountain Rear Wheel,Black,HL Mountain Rear Wheel,421,17
Components,Wheels,HL Road Front Wheel,Black,HL Road Front Wheel,415,17
Components,Wheels,HL Road Rear Wheel,Black,HL Road Rear Wheel,424,17
Components,Wheels,LL Mountain Front Wheel,Black,LL Mountain Front Wheel,410,17
Components,Wheels,LL Mountain Rear Wheel,Black,LL Mountain Rear Wheel,419,17
Components,Wheels,LL Road Front Wheel,Black,LL Road Front Wheel,413,17
Components,Wheels,LL Road Rear Wheel,Black,LL Road Rear Wheel,422,17
Components,Wheels,ML Mountain Front Wheel,Black,ML Mountain Front Wheel,411,17
Components,Wheels,ML Mountain Rear Wheel,Black,ML Mountain Rear Wheel,420,17
Components,Wheels,ML Road Front Wheel,Black,ML Road Front Wheel,414,17
Components,Wheels,ML Road Rear Wheel,Black,ML Road Rear Wheel,423,17
Components,Wheels,Touring Front Wheel,Black,Touring Front Wheel,416,17
Components,Wheels,Touring Rear Wheel,Black,Touring Rear Wheel,425,17
NA,NA,Adjustable Race,NA,Adjustable Race,1,
NA,NA,BB Ball Bearing,NA,BB Ball Bearing,3,
NA,NA,Bearing Ball,NA,Bearing Ball,2,
NA,NA,Blade,NA,Blade,5,
NA,NA,Chain Stays,NA,Chain Stays,13,
NA,NA,Chainring,Black,Chainring,11,
NA,NA,Chainring Bolts,Silver,Chainring Bolts,9,
NA,NA,Chainring Nut,Silver,Chainring Nut,10,
NA,NA,Cone-Shaped Race,NA,Cone-Shaped Race,178,
NA,NA,Crown Race,NA,Crown Race,12,
NA,NA,Cup-Shaped Race,NA,Cup-Shaped Race,177,
NA,NA,Decal 1,NA,Decal 1,14,
NA,NA,Decal 2,NA,Decal 2,15,
NA,NA,Down Tube,NA,Down Tube,16,
NA,NA,External Lock Washer 1,NA,External Lock Washer 1,88,
NA,NA,External Lock Washer 2,NA,External Lock Washer 2,90,
NA,NA,External Lock Washer 3,NA,External Lock Washer 3,82,
NA,NA,External Lock Washer 4,NA,External Lock Washer 4,83,
NA,NA,External Lock Washer 5,NA,External Lock Washer 5,85,
NA,NA,External Lock Washer 6,NA,External Lock Washer 6,87,
NA,NA,External Lock Washer 7,NA,External Lock Washer 7,86,
NA,NA,External Lock Washer 8,NA,External Lock Washer 8,89,
NA,NA,External Lock Washer 9,NA,External Lock Washer 9,84,
NA,NA,Flat Washer 1,NA,Flat Washer 1,22,
NA,NA,Flat Washer 2,NA,Flat Washer 2,24,
NA,NA,Flat Washer 3,NA,Flat Washer 3,27,
NA,NA,Flat Washer 4,NA,Flat Washer 4,26,
NA,NA,Flat Washer 5,NA,Flat Washer 5,29,
NA,NA,Flat Washer 6,NA,Flat Washer 6,23,
NA,NA,Flat Washer 7,NA,Flat Washer 7,30,
NA,NA,Flat Washer 8,NA,Flat Washer 8,28,
NA,NA,Flat Washer 9,NA,Flat Washer 9,25,
NA,NA,Fork Crown,NA,Fork Crown,31,
NA,NA,Fork End,NA,Fork End,20,
NA,NA,Freewheel,Silver,Freewheel,21,
NA,NA,Front Derailleur Cage,Silver,Front Derailleur Cage,32,
NA,NA,Front Derailleur Linkage,Silver,Front Derailleur Linkage,33,
NA,NA,Guide Pulley,NA,Guide Pulley,34,
NA,NA,Handlebar Tube,NA,Handlebar Tube,77,
NA,NA,Head Tube,NA,Head Tube,78,
NA,NA,Headset Ball Bearings,NA,Headset Ball Bearings,4,
NA,NA,Hex Nut 1,NA,Hex Nut 1,65,
NA,NA,Hex Nut 10,NA,Hex Nut 10,66,
NA,NA,Hex Nut 11,NA,Hex Nut 11,67,
NA,NA,Hex Nut 12,NA,Hex Nut 12,63,
NA,NA,Hex Nut 13,NA,Hex Nut 13,64,
NA,NA,Hex Nut 14,NA,Hex Nut 14,72,
NA,NA,Hex Nut 15,NA,Hex Nut 15,73,
NA,NA,Hex Nut 16,NA,Hex Nut 16,56,
NA,NA,Hex Nut 17,NA,Hex Nut 17,57,
NA,NA,Hex Nut 18,NA,Hex Nut 18,75,
NA,NA,Hex Nut 19,NA,Hex Nut 19,76,
NA,NA,Hex Nut 2,NA,Hex Nut 2,68,
NA,NA,Hex Nut 20,NA,Hex Nut 20,69,
NA,NA,Hex Nut 21,NA,Hex Nut 21,70,
NA,NA,Hex Nut 22,NA,Hex Nut 22,61,
NA,NA,Hex Nut 23,NA,Hex Nut 23,62,
NA,NA,Hex Nut 3,NA,Hex Nut 3,71,
NA,NA,Hex Nut 4,NA,Hex Nut 4,74,
NA,NA,Hex Nut 5,NA,Hex Nut 5,54,
NA,NA,Hex Nut 6,NA,Hex Nut 6,55,
NA,NA,Hex Nut 7,NA,Hex Nut 7,58,
NA,NA,Hex Nut 8,NA,Hex Nut 8,59,
NA,NA,Hex Nut 9,NA,Hex Nut 9,60,
NA,NA,HL Crankarm,Black,HL Crankarm,8,
NA,NA,HL Grip Tape,NA,HL Grip Tape,37,
NA,NA,HL Hub,NA,HL Hub,80,
NA,NA,HL Mountain Rim,NA,HL Mountain Rim,182,
NA,NA,HL Mountain Seat Assembly,NA,HL Mountain Seat Assembly,189,
NA,NA,HL Nipple,NA,HL Nipple,170,
NA,NA,HL Road Rim,NA,HL Road Rim,185,
NA,NA,HL Road Seat Assembly,NA,HL Road Seat Assembly,192,
NA,NA,HL Shell,NA,HL Shell,199,
NA,NA,HL Spindle/Axle,NA,HL Spindle/Axle,197,
NA,NA,HL Touring Seat Assembly,NA,HL Touring Seat Assembly,195,
NA,NA,Internal Lock Washer 1,NA,Internal Lock Washer 1,98,
NA,NA,Internal Lock Washer 10,NA,Internal Lock Washer 10,97,
NA,NA,Internal Lock Washer 2,NA,Internal Lock Washer 2,100,
NA,NA,Internal Lock Washer 3,NA,Internal Lock Washer 3,91,
NA,NA,Internal Lock Washer 4,NA,Internal Lock Washer 4,92,
NA,NA,Internal Lock Washer 5,NA,Internal Lock Washer 5,94,
NA,NA,Internal Lock Washer 6,NA,Internal Lock Washer 6,96,
NA,NA,Internal Lock Washer 7,NA,Internal Lock Washer 7,95,
NA,NA,Internal Lock Washer 8,NA,Internal Lock Washer 8,99,
NA,NA,Internal Lock Washer 9,NA,Internal Lock Washer 9,93,
NA,NA,Keyed Washer,NA,Keyed Washer,81,
NA,NA,LL Crankarm,Black,LL Crankarm,6,
NA,NA,LL Grip Tape,NA,LL Grip Tape,35,
NA,NA,LL Hub,NA,LL Hub,79,
NA,NA,LL Mountain Rim,NA,LL Mountain Rim,180,
NA,NA,LL Mountain Seat Assembly,NA,LL Mountain Seat Assembly,187,
NA,NA,LL Nipple,NA,LL Nipple,169,
NA,NA,LL Road Rim,NA,LL Road Rim,183,
NA,NA,LL Road Seat Assembly,NA,LL Road Seat Assembly,190,
NA,NA,LL Shell,NA,LL Shell,198,
NA,NA,LL Spindle/Axle,NA,LL Spindle/Axle,196,
NA,NA,LL Touring Seat Assembly,NA,LL Touring Seat Assembly,193,
NA,NA,Lock Nut 1,NA,Lock Nut 1,128,
NA,NA,Lock Nut 10,NA,Lock Nut 10,129,
NA,NA,Lock Nut 11,NA,Lock Nut 11,130,
NA,NA,Lock Nut 12,NA,Lock Nut 12,126,
NA,NA,Lock Nut 13,NA,Lock Nut 13,127,
NA,NA,Lock Nut 14,NA,Lock Nut 14,135,
NA,NA,Lock Nut 15,NA,Lock Nut 15,136,
NA,NA,Lock Nut 16,NA,Lock Nut 16,119,
NA,NA,Lock Nut 17,NA,Lock Nut 17,120,
NA,NA,Lock Nut 18,NA,Lock Nut 18,139,
NA,NA,Lock Nut 19,NA,Lock Nut 19,138,
NA,NA,Lock Nut 2,NA,Lock Nut 2,131,
NA,NA,Lock Nut 20,NA,Lock Nut 20,132,
NA,NA,Lock Nut 21,NA,Lock Nut 21,133,
NA,NA,Lock Nut 22,NA,Lock Nut 22,124,
NA,NA,Lock Nut 23,NA,Lock Nut 23,125,
NA,NA,Lock Nut 3,NA,Lock Nut 3,134,
NA,NA,Lock Nut 4,NA,Lock Nut 4,137,
NA,NA,Lock Nut 5,NA,Lock Nut 5,117,
NA,NA,Lock Nut 6,NA,Lock Nut 6,118,
NA,NA,Lock Nut 7,NA,Lock Nut 7,121,
NA,NA,Lock Nut 8,NA,Lock Nut 8,122,
NA,NA,Lock Nut 9,NA,Lock Nut 9,123,
NA,NA,Lock Ring,Silver,Lock Ring,140,
NA,NA,Lock Washer 1,NA,Lock Washer 1,148,
NA,NA,Lock Washer 10,NA,Lock Washer 10,144,
NA,NA,Lock Washer 11,NA,Lock Washer 11,154,
NA,NA,Lock Washer 12,NA,Lock Washer 12,150,
NA,NA,Lock Washer 13,NA,Lock Washer 13,146,
NA,NA,Lock Washer 2,NA,Lock Washer 2,151,
NA,NA,Lock Washer 3,NA,Lock Washer 3,153,
NA,NA,Lock Washer 4,NA,Lock Washer 4,142,
NA,NA,Lock Washer 5,NA,Lock Washer 5,143,
NA,NA,Lock Washer 6,NA,Lock Washer 6,145,
NA,NA,Lock Washer 7,NA,Lock Washer 7,149,
NA,NA,Lock Washer 8,NA,Lock Washer 8,147,
NA,NA,Lock Washer 9,NA,Lock Washer 9,152,
NA,NA,Lower Head Race,NA,Lower Head Race,141,
NA,NA,Metal Angle,NA,Metal Angle,155,
NA,NA,Metal Bar 1,NA,Metal Bar 1,156,
NA,NA,Metal Bar 2,NA,Metal Bar 2,157,
NA,NA,Metal Plate 1,NA,Metal Plate 1,159,
NA,NA,Metal Plate 2,NA,Metal Plate 2,158,
NA,NA,Metal Plate 3,NA,Metal Plate 3,160,
NA,NA,Metal Sheet 1,NA,Metal Sheet 1,167,
NA,NA,Metal Sheet 2,NA,Metal Sheet 2,161,
NA,NA,Metal Sheet 3,NA,Metal Sheet 3,162,
NA,NA,Metal Sheet 4,NA,Metal Sheet 4,164,
NA,NA,Metal Sheet 5,NA,Metal Sheet 5,165,
NA,NA,Metal Sheet 6,NA,Metal Sheet 6,166,
NA,NA,Metal Sheet 7,NA,Metal Sheet 7,163,
NA,NA,Metal Tread Plate,NA,Metal Tread Plate,168,
NA,NA,ML Crankarm,Black,ML Crankarm,7,
NA,NA,ML Grip Tape,NA,ML Grip Tape,36,
NA,NA,ML Mountain Rim,NA,ML Mountain Rim,181,
NA,NA,ML Mountain Seat Assembly,NA,ML Mountain Seat Assembly,188,
NA,NA,ML Road Rim,NA,ML Road Rim,184,
NA,NA,ML Road Seat Assembly,NA,ML Road Seat Assembly,191,
NA,NA,ML Touring Seat Assembly,NA,ML Touring Seat Assembly,194,
NA,NA,Mountain End Caps,NA,Mountain End Caps,17,
NA,NA,Paint - Black,NA,Paint - Black,171,
NA,NA,Paint - Blue,NA,Paint - Blue,174,
NA,NA,Paint - Red,NA,Paint - Red,172,
NA,NA,Paint - Silver,NA,Paint - Silver,173,
NA,NA,Paint - Yellow,NA,Paint - Yellow,175,
NA,NA,Pinch Bolt,NA,Pinch Bolt,176,
NA,NA,Rear Derailleur Cage,Silver,Rear Derailleur Cage,209,
NA,NA,Reflector,NA,Reflector,179,
NA,NA,Road End Caps,NA,Road End Caps,18,
NA,NA,Seat Lug,NA,Seat Lug,201,
NA,NA,Seat Post,NA,Seat Post,203,
NA,NA,Seat Stays,NA,Seat Stays,205,
NA,NA,Seat Tube,NA,Seat Tube,206,
NA,NA,Spokes,NA,Spokes,200,
NA,NA,Steerer,NA,Steerer,204,
NA,NA,Stem,NA,Stem,202,
NA,NA,Tension Pulley,NA,Tension Pulley,208,
NA,NA,Thin-Jam Hex Nut 1,NA,Thin-Jam Hex Nut 1,40,
NA,NA,Thin-Jam Hex Nut 10,NA,Thin-Jam Hex Nut 10,39,
NA,NA,Thin-Jam Hex Nut 11,NA,Thin-Jam Hex Nut 11,53,
NA,NA,Thin-Jam Hex Nut 12,NA,Thin-Jam Hex Nut 12,52,
NA,NA,Thin-Jam Hex Nut 13,NA,Thin-Jam Hex Nut 13,48,
NA,NA,Thin-Jam Hex Nut 14,NA,Thin-Jam Hex Nut 14,49,
NA,NA,Thin-Jam Hex Nut 15,NA,Thin-Jam Hex Nut 15,42,
NA,NA,Thin-Jam Hex Nut 16,NA,Thin-Jam Hex Nut 16,43,
NA,NA,Thin-Jam Hex Nut 2,NA,Thin-Jam Hex Nut 2,41,
NA,NA,Thin-Jam Hex Nut 3,NA,Thin-Jam Hex Nut 3,46,
NA,NA,Thin-Jam Hex Nut 4,NA,Thin-Jam Hex Nut 4,47,
NA,NA,Thin-Jam Hex Nut 5,NA,Thin-Jam Hex Nut 5,44,
NA,NA,Thin-Jam Hex Nut 6,NA,Thin-Jam Hex Nut 6,45,
NA,NA,Thin-Jam Hex Nut 7,NA,Thin-Jam Hex Nut 7,50,
NA,NA,Thin-Jam Hex Nut 8,NA,Thin-Jam Hex Nut 8,51,
NA,NA,Thin-Jam Hex Nut 9,NA,Thin-Jam Hex Nut 9,38,
NA,NA,Thin-Jam Lock Nut 1,NA,Thin-Jam Lock Nut 1,103,
NA,NA,Thin-Jam Lock Nut 10,NA,Thin-Jam Lock Nut 10,102,
NA,NA,Thin-Jam Lock Nut 11,NA,Thin-Jam Lock Nut 11,116,
NA,NA,Thin-Jam Lock Nut 12,NA,Thin-Jam Lock Nut 12,115,
NA,NA,Thin-Jam Lock Nut 13,NA,Thin-Jam Lock Nut 13,111,
NA,NA,Thin-Jam Lock Nut 14,NA,Thin-Jam Lock Nut 14,112,
NA,NA,Thin-Jam Lock Nut 15,NA,Thin-Jam Lock Nut 15,105,
NA,NA,Thin-Jam Lock Nut 16,NA,Thin-Jam Lock Nut 16,106,
NA,NA,Thin-Jam Lock Nut 2,NA,Thin-Jam Lock Nut 2,104,
NA,NA,Thin-Jam Lock Nut 3,NA,Thin-Jam Lock Nut 3,109,
NA,NA,Thin-Jam Lock Nut 4,NA,Thin-Jam Lock Nut 4,110,
NA,NA,Thin-Jam Lock Nut 5,NA,Thin-Jam Lock Nut 5,107,
NA,NA,Thin-Jam Lock Nut 6,NA,Thin-Jam Lock Nut 6,108,
NA,NA,Thin-Jam Lock Nut 7,NA,Thin-Jam Lock Nut 7,113,
NA,NA,Thin-Jam Lock Nut 8,NA,Thin-Jam Lock Nut 8,114,
NA,NA,Thin-Jam Lock Nut 9,NA,Thin-Jam Lock Nut 9,101,
NA,NA,Top Tube,NA,Top Tube,207,
NA,NA,Touring End Caps,NA,Touring End Caps,19,
NA,NA,Touring Rim,NA,Touring Rim,186,
